Station,ART_NUMBER,Bottle,Date,Salinity,Sal11,Oxygen,PrDM,Depth,Temperature,C0mS/cm,T190C,C1mS/cm,Sbeox0ML/L,Sbeox1ML/L,FlECO-AFL,CStarTr0,Par,Latitude,Longitude,TimeJ,AltM,Spar
STN002,ART2025,1,Jan 15 2022,34.66,34.66,7.84,522.82,516.81,0.93,29.82,0.93,29.82,4.52,4.72,0.37,99.35,0,-72.2,-117.69,15.55,4.32,834.45
STN002,ART2026,2,Jan 15 2022,34.66,34.66,7.84,523.01,516.99,0.93,29.82,0.93,29.82,4.52,4.71,0.02,99.28,0,-72.2,-117.69,15.55,4.13,929.32
STN002,ART2027,3,Jan 15 2022,34.66,34.66,7.84,505.44,499.65,0.93,29.81,0.93,29.81,4.51,4.71,0.02,99.31,0,-72.2,-117.69,15.55,21.93,1440.4
STN002,ART2028,4,Jan 15 2022,34.66,34.66,7.84,505.53,499.73,0.93,29.81,0.93,29.81,4.52,4.71,0.03,99.22,0,-72.2,-117.69,15.55,21.75,1451
STN002,ART2029,5,Jan 15 2022,34.66,34.66,7.84,472.5,467.12,0.92,29.79,0.92,29.79,4.52,4.71,0.02,99.33,0,-72.2,-117.69,15.56,55.02,1483.3
STN002,ART2030,6,Jan 15 2022,34.66,34.66,7.84,472.69,467.31,0.92,29.79,0.92,29.79,4.52,4.7,0.02,99.31,0,-72.2,-117.69,15.56,55.1,1489.7
STN002,ART2031,7,Jan 15 2022,34.3,34.29,8.15,404.23,399.7,-0.45,28.31,-0.48,28.28,5.08,5.33,0.08,99.31,0,-72.2,-117.69,15.56,99.85,1507.7
STN002,ART2032,8,Jan 15 2022,34.29,34.29,8.15,404.24,399.71,-0.48,28.28,-0.48,28.28,5.1,5.32,0.07,99.34,0,-72.2,-117.69,15.56,99.85,1507.3
STN002,ART2033,9,Jan 15 2022,34.13,34.13,8.44,303.02,299.7,-1.73,27.07,-1.74,27.06,6.47,6.76,0.06,99.44,0,-72.2,-117.69,15.56,99.85,1524.2
STN002,ART2034,10,Jan 15 2022,34.13,34.12,8.44,303.14,299.82,-1.74,27.06,-1.75,27.06,6.48,6.76,0.03,99.41,0,-72.2,-117.69,15.56,99.85,1520.2
STN002,ART2035,11,Jan 15 2022,34.11,34.11,8.44,202.11,199.94,-1.75,27,-1.75,27,6.58,6.87,0.55,99.01,0,-72.2,-117.69,15.56,99.82,1583.9
STN002,ART2036,12,Jan 15 2022,34.11,34.11,8.44,202.2,200.03,-1.75,27,-1.75,27,6.59,6.88,0.37,98.75,0,-72.2,-117.69,15.56,99.85,1584
STN002,ART2037,13,Jan 15 2022,34.09,34.09,8.45,121.04,119.77,-1.78,26.93,-1.78,26.93,6.7,6.99,3.5,94.24,0,-72.2,-117.69,15.57,99.81,1443.4
STN002,ART2038,14,Jan 15 2022,34.09,34.09,8.45,121.05,119.78,-1.79,26.92,-1.79,26.92,6.54,6.82,4.57,92.51,0,-72.2,-117.69,15.57,99.79,1524.6
STN002,ART2039,15,Jan 15 2022,34.04,34.01,8.44,81.1,80.25,-1.71,26.92,-1.71,26.91,6.76,7.1,8.08,87.75,0,-72.2,-117.69,15.57,99.54,1038.8
STN002,ART2040,16,Jan 15 2022,34.02,34.01,8.44,81.17,80.32,-1.7,26.92,-1.7,26.92,6.88,7.17,9.06,88.87,0,-72.2,-117.69,15.57,99.55,966.6
STN002,ART2041,17,Jan 15 2022,33.93,33.91,8.35,60.69,60.06,-1.29,27.19,-1.26,27.2,7.9,8.3,8.9,89.15,0,-72.2,-117.69,15.57,99.58,977.64
STN002,ART2042,18,Jan 15 2022,33.92,33.91,8.35,60.72,60.09,-1.27,27.19,-1.26,27.2,8.02,8.39,7.04,89.99,0,-72.2,-117.69,15.57,78.4,1029.8
STN002,ART2043,19,Jan 15 2022,33.61,33.61,8.28,40.51,40.09,-0.89,27.27,-0.89,27.28,8.96,9.38,18.68,77.76,0,-72.2,-117.69,15.57,99.89,1584.5
STN002,ART2044,20,Jan 15 2022,33.62,33.61,8.28,40.41,39.99,-0.89,27.28,-0.89,27.28,8.93,9.36,20.25,76.61,0.01,-72.2,-117.69,15.57,90.46,1580.3
STN002,ART2045,21,Jan 15 2022,33.49,33.48,8.23,19.81,19.6,-0.61,27.4,-0.6,27.41,9.35,9.8,24.95,74.81,1.93,-72.2,-117.69,15.57,99.97,1560.3
STN002,ART2046,22,Jan 15 2022,33.48,33.48,8.22,20.07,19.86,-0.6,27.41,-0.6,27.41,9.36,9.82,23.61,73.11,1.87,-72.2,-117.69,15.57,99.97,1555.2
STN002,ART2047,23,Jan 15 2022,33.47,33.47,8.22,1.36,1.35,-0.55,27.43,-0.55,27.43,9.37,8.81,10.74,74.78,654.25,-72.2,-117.69,15.57,91.22,1564.5
STN002,ART2048,24,Jan 15 2022,33.47,33.47,8.21,1.39,1.38,-0.55,27.44,-0.55,27.43,9.38,8.8,9.99,74,651.63,-72.2,-117.69,15.57,99.41,1573.7
STN004,ART2049,1,Jan 16 2022,34.58,34.58,7.91,561.86,555.32,0.59,29.48,0.59,29.48,4.56,4.79,0,98.97,0,-73.14,-113.95,16.85,8.62,546.31
STN004,ART2050,2,Jan 16 2022,34.58,34.58,7.91,561.54,555,0.58,29.48,0.58,29.47,4.56,4.8,0.01,99.01,0,-73.14,-113.95,16.85,8.91,549.95
STN004,ART2051,3,Jan 16 2022,34.58,34.58,7.91,551.3,544.9,0.58,29.47,0.58,29.47,4.56,4.79,0,98.97,0,-73.14,-113.95,16.85,19.38,619.02
STN004,ART2052,4,Jan 16 2022,34.58,34.58,7.91,551.31,544.91,0.58,29.47,0.58,29.47,4.56,4.79,0.01,98.98,0,-73.14,-113.95,16.85,19.23,619.31
STN004,ART2053,5,Jan 16 2022,34.53,34.53,7.95,530.85,524.71,0.39,29.26,0.4,29.26,4.65,4.89,0.01,99.27,0,-73.14,-113.95,16.85,40.26,744.23
STN004,ART2054,6,Jan 16 2022,34.53,34.52,7.96,530.66,524.52,0.39,29.26,0.39,29.26,4.65,4.9,0,99.28,0,-73.14,-113.95,16.85,40.18,743.8
STN004,ART2055,7,Jan 16 2022,34.4,34.39,8.05,480.13,474.63,-0.03,28.78,-0.02,28.78,4.85,5.09,0.01,99.27,0,-73.14,-113.95,16.85,91.84,652.12
STN004,ART2056,8,Jan 16 2022,34.39,34.39,8.05,479.96,474.47,-0.03,28.77,-0.02,28.78,4.84,5.09,-0.01,99.3,0,-73.14,-113.95,16.85,52.24,649.82
STN004,ART2057,9,Jan 16 2022,34.17,34.17,8.42,404.66,400.1,-1.67,27.2,-1.71,27.16,6.45,6.88,0,99.43,0,-73.14,-113.95,16.86,14.25,668.96
STN004,ART2058,10,Jan 16 2022,34.17,34.17,8.43,404.06,399.5,-1.69,27.18,-1.71,27.16,6.51,6.9,0,99.46,0,-73.14,-113.95,16.86,24.78,677.88
STN004,ART2059,11,Jan 16 2022,34.13,34.13,8.45,303.25,299.91,-1.8,27.02,-1.8,27.02,6.58,6.94,0.02,99.29,0,-73.14,-113.95,16.86,24.56,699.25
STN004,ART2060,12,Jan 16 2022,34.13,34.13,8.45,302.88,299.54,-1.8,27.02,-1.8,27.02,6.58,6.94,0.01,99.41,0,-73.14,-113.95,16.86,45.05,693.93
STN004,ART2061,13,Jan 16 2022,34.07,34.07,8.39,202.13,199.95,-1.52,27.16,-1.52,27.16,6.51,6.87,0.17,98.84,0,-73.14,-113.95,16.86,14.27,559.26
STN004,ART2062,14,Jan 16 2022,34.07,34.06,8.39,202.26,200.08,-1.51,27.17,-1.49,27.18,6.5,6.86,0.38,98.55,0,-73.14,-113.95,16.86,14.22,560.17
STN004,ART2063,15,Jan 16 2022,34.01,34.01,8.39,151.76,150.14,-1.49,27.12,-1.49,27.12,6.54,6.91,0.22,98.3,0,-73.14,-113.95,16.86,28.18,678.03
STN004,ART2064,16,Jan 16 2022,34.01,34.01,8.39,152.16,150.53,-1.49,27.12,-1.48,27.12,6.55,6.91,0.23,98.25,0,-73.14,-113.95,16.86,60.02,682.35
STN004,ART2065,17,Jan 16 2022,33.95,33.95,8.38,101.33,100.26,-1.42,27.11,-1.42,27.11,6.51,6.88,0.99,96.36,0,-73.14,-113.95,16.86,14.26,831.83
STN004,ART2066,18,Jan 16 2022,33.95,33.95,8.38,101.22,100.15,-1.42,27.11,-1.42,27.11,6.56,6.91,1.21,96.75,0,-73.14,-113.95,16.86,17.43,834.49
STN004,ART2067,19,Jan 16 2022,33.89,33.89,8.25,63.62,62.95,-0.8,27.56,-0.88,27.5,7.83,8.24,14.11,82.87,0,-73.14,-113.95,16.86,41.63,811.22
STN004,ART2068,20,Jan 16 2022,33.9,33.9,8.25,63.49,62.83,-0.83,27.55,-0.88,27.5,7.83,8.18,13.07,81.85,0,-73.14,-113.95,16.86,14.25,809.88
STN004,ART2069,21,Jan 16 2022,33.88,33.88,8.16,30.08,29.77,-0.42,27.86,-0.41,27.86,8.63,9.14,24.09,73.55,0.26,-73.14,-113.95,16.87,83.62,729.87
STN004,ART2070,22,Jan 16 2022,33.88,33.88,8.16,30.09,29.78,-0.42,27.86,-0.41,27.86,8.64,9.15,23.63,73.05,0.26,-73.14,-113.95,16.87,79.04,730.19
STN004,ART2071,23,Jan 16 2022,33.88,33.88,8.16,4.13,4.09,-0.41,27.86,-0.4,27.86,8.66,8.49,19.05,72.9,197.08,-73.14,-113.95,16.87,61.38,780.82
STN004,ART2072,24,Jan 16 2022,33.88,33.88,8.16,4.67,4.62,-0.41,27.86,-0.41,27.86,8.66,8.51,19.59,73.11,158.46,-73.14,-113.95,16.87,72.05,780.31
STN012,ART2073,1,Jan 18 2022,34.57,34.57,7.92,738.48,729.55,0.57,29.54,0.57,29.54,4.55,4.81,0.01,98.8,0,-73.8,-112.67,18.26,4.09,44.29
STN012,ART2074,2,Jan 18 2022,34.57,34.57,7.92,738.58,729.65,0.57,29.54,0.57,29.54,4.55,4.81,0,98.82,0,-73.8,-112.67,18.26,4.01,44.32
STN012,ART2075,3,Jan 18 2022,34.57,34.57,7.92,723.77,715.04,0.57,29.53,0.57,29.53,4.55,4.81,0.01,98.73,0,-73.8,-112.67,18.26,18.32,42.45
STN012,ART2076,4,Jan 18 2022,34.57,34.57,7.92,723.78,715.06,0.57,29.53,0.57,29.53,4.56,4.81,0.01,98.81,0,-73.8,-112.67,18.26,18.47,42.02
STN012,ART2077,5,Jan 18 2022,34.56,34.56,7.92,683.11,674.94,0.53,29.47,0.54,29.48,4.57,4.84,0.01,98.87,0,-73.8,-112.67,18.26,59.1,42.45
STN012,ART2078,6,Jan 18 2022,34.56,34.56,7.92,683.09,674.92,0.53,29.47,0.53,29.47,4.58,4.85,0.01,98.89,0,-73.8,-112.67,18.26,59.34,42.63
STN012,ART2079,7,Jan 18 2022,34.36,34.35,8.06,505.88,500.04,-0.08,28.71,-0.09,28.7,4.85,5.14,0.04,98.87,0,-73.8,-112.67,18.27,14.1,38.28
STN012,ART2080,8,Jan 18 2022,34.35,34.34,8.07,506.03,500.19,-0.1,28.69,-0.1,28.68,4.85,5.14,0.05,98.86,0,-73.8,-112.67,18.27,14.06,37.92
STN012,ART2081,9,Jan 18 2022,34.15,34.15,8.44,404.53,399.96,-1.76,27.12,-1.77,27.11,6.57,6.97,0.01,99.31,0,-73.8,-112.67,18.27,99.85,41.3
STN012,ART2082,10,Jan 18 2022,34.15,34.15,8.45,404.76,400.19,-1.78,27.1,-1.79,27.09,6.58,6.98,0.01,99.3,0,-73.8,-112.67,18.27,99.85,41.23
STN012,ART2083,11,Jan 18 2022,34.12,34.11,8.45,303.71,300.35,-1.79,27.02,-1.79,27.02,6.68,7.07,0.07,99.05,0,-73.8,-112.67,18.27,99.85,39.11
STN012,ART2084,12,Jan 18 2022,34.11,34.11,8.45,303.48,300.12,-1.79,27.02,-1.78,27.02,6.69,7.09,0.07,98.97,0,-73.8,-112.67,18.27,74.61,39.43
STN012,ART2085,13,Jan 18 2022,34.04,34.04,8.38,202.11,199.93,-1.45,27.2,-1.45,27.2,6.34,6.72,0.2,98.37,0,-73.8,-112.67,18.28,14.28,40.33
STN012,ART2086,14,Jan 18 2022,34.05,34.04,8.37,202.15,199.96,-1.39,27.25,-1.37,27.26,6.09,6.47,0.15,98.43,0,-73.8,-112.67,18.28,14.23,39.97
STN012,ART2087,15,Jan 18 2022,33.95,33.95,8.36,126.12,124.78,-1.35,27.18,-1.37,27.16,6.34,6.73,0.97,97.04,0,-73.8,-112.67,18.28,14.2,39.14
STN012,ART2088,16,Jan 18 2022,33.95,33.95,8.36,126.18,124.84,-1.35,27.18,-1.35,27.18,6.25,6.65,0.77,97.27,0,-73.8,-112.67,18.28,35.02,39.11
STN012,ART2089,17,Jan 18 2022,33.88,33.87,8.26,70.95,70.2,-0.89,27.48,-0.89,27.48,7.69,8.16,11.7,80.11,0,-73.8,-112.67,18.28,14.23,41.09
STN012,ART2090,18,Jan 18 2022,33.88,33.87,8.27,70.87,70.13,-0.89,27.48,-0.89,27.48,7.67,8.15,12.8,81.06,0,-73.8,-112.67,18.28,14.23,41.23
STN012,ART2091,19,Jan 18 2022,33.86,33.86,8.24,50.93,50.4,-0.78,27.55,-0.78,27.55,7.93,8.54,16.78,74.11,0,-73.8,-112.67,18.28,33.28,40.83
STN012,ART2092,20,Jan 18 2022,33.84,33.85,8.24,51.07,50.53,-0.76,27.56,-0.77,27.55,8.15,8.65,20.55,75.28,0,-73.8,-112.67,18.28,79.58,40.87
STN012,ART2093,21,Jan 18 2022,33.81,33.81,8.21,30.07,29.75,-0.6,27.65,-0.62,27.64,8.62,9.2,27.04,70.2,0,-73.8,-112.67,18.28,27.97,37.96
STN012,ART2094,22,Jan 18 2022,33.81,33.81,8.21,29.99,29.67,-0.64,27.62,-0.59,27.66,8.76,9.35,28.5,69.23,0,-73.8,-112.67,18.28,14.37,37.67
STN012,ART2095,23,Jan 18 2022,33.8,33.8,8.2,3.15,3.12,-0.57,27.66,-0.57,27.66,8.85,8.26,28.97,67.08,5.88,-73.8,-112.67,18.28,93.1,37.49
STN012,ART2096,24,Jan 18 2022,33.8,33.8,8.2,2.94,2.91,-0.57,27.66,-0.57,27.66,8.85,8.23,28.74,67.16,6.09,-73.8,-112.67,18.28,75.1,37.49
STN014,ART2097,1,Jan 20 2022,34.53,34.53,7.95,871.03,860.2,0.43,29.44,0.44,29.44,4.61,4.86,0.01,97.88,0,-74.23,-112.08,20.29,4.1,136.14
STN014,ART2098,2,Jan 20 2022,34.53,34.53,7.95,871.06,860.23,0.43,29.44,0.44,29.44,4.61,4.86,0.01,97.88,0,-74.23,-112.08,20.29,4.14,136.21
STN014,ART2099,3,Jan 20 2022,34.53,34.53,7.95,809.95,800,0.43,29.42,0.44,29.42,4.62,4.87,0.01,97.91,0,-74.23,-112.08,20.29,66.13,137.75
STN014,ART2100,4,Jan 20 2022,34.53,34.53,7.95,809.95,800,0.43,29.42,0.44,29.42,4.61,4.88,0.01,97.93,0,-74.23,-112.08,20.29,66.35,137.68
STN014,ART2101,5,Jan 20 2022,34.52,34.52,7.95,708.49,699.96,0.42,29.36,0.42,29.35,4.63,4.9,0.01,98.01,0,-74.23,-112.08,20.3,72.49,122.32
STN014,ART2102,6,Jan 20 2022,34.52,34.52,7.95,708.54,700.01,0.42,29.35,0.42,29.35,4.64,4.9,0,98.01,0,-74.23,-112.08,20.3,99.86,122.07
STN014,ART2103,7,Jan 20 2022,34.4,34.4,8.01,587.11,580.21,0.14,28.97,0.14,28.97,4.7,4.97,0.01,97.96,0,-74.23,-112.08,20.3,99.85,116.6
STN014,ART2104,8,Jan 20 2022,34.4,34.4,8.01,587.14,580.24,0.14,28.97,0.14,28.97,4.7,4.97,0.01,97.95,0,-74.23,-112.08,20.3,99.86,116.64
STN014,ART2105,9,Jan 20 2022,34.37,34.36,8.04,465.56,460.23,0.04,28.8,0.01,28.77,4.74,5.01,0.02,97.93,0,-74.23,-112.08,20.3,99.85,113.87
STN014,ART2106,10,Jan 20 2022,34.37,34.36,8.04,465.58,460.24,0.04,28.8,0.01,28.77,4.74,5.03,0.02,97.91,0,-74.23,-112.08,20.3,99.86,113.69
STN014,ART2107,11,Jan 20 2022,34.22,34.21,8.24,364.1,360.01,-0.85,27.9,-0.88,27.87,5.64,5.96,0,98.11,0,-74.23,-112.08,20.3,31.95,111.89
STN014,ART2108,12,Jan 20 2022,34.22,34.2,8.24,364.13,360.04,-0.86,27.89,-0.92,27.83,5.73,6.06,0,98.12,0,-74.23,-112.08,20.3,99.85,111.63
STN014,ART2109,13,Jan 20 2022,34.05,34.05,8.37,303.32,299.96,-1.42,27.27,-1.42,27.27,6.18,6.56,0.04,97.94,0,-74.23,-112.08,20.31,73.78,109.62
STN014,ART2110,14,Jan 20 2022,34.05,34.05,8.37,303.32,299.96,-1.42,27.28,-1.42,27.27,6.18,6.55,0.03,97.91,0,-74.23,-112.08,20.31,99.86,109.48
STN014,ART2111,15,Jan 20 2022,34,33.99,8.38,202.25,200.06,-1.44,27.17,-1.44,27.17,6.19,6.56,0.27,97.25,0,-74.23,-112.08,20.31,99.86,106.82
STN014,ART2112,16,Jan 20 2022,34,33.99,8.38,202.28,200.09,-1.44,27.17,-1.44,27.17,6.19,6.57,0.25,97.31,0,-74.23,-112.08,20.31,99.86,106.71
STN014,ART2113,17,Jan 20 2022,33.94,33.93,8.38,131.5,130.1,-1.44,27.11,-1.43,27.1,6.42,6.83,1.88,95.01,0,-74.23,-112.08,20.31,95.89,104.84
STN014,ART2114,18,Jan 20 2022,33.94,33.94,8.38,131.5,130.1,-1.44,27.11,-1.43,27.1,6.41,6.86,2.15,95,0,-74.23,-112.08,20.31,99.85,104.66
STN014,ART2115,19,Jan 20 2022,33.85,33.84,8.34,80.59,79.74,-1.21,27.2,-1.2,27.2,7.14,7.62,10.35,83.16,0,-74.23,-112.08,20.31,14.1,102.9
STN014,ART2116,20,Jan 20 2022,33.84,33.84,8.32,80.64,79.79,-1.14,27.25,-1.15,27.25,7.38,7.91,12.07,84.96,0,-74.23,-112.08,20.31,29.9,102.79
STN014,ART2117,21,Jan 20 2022,33.84,33.83,8.32,40.59,40.16,-1.13,27.24,-1.13,27.24,7.52,7.98,15.54,80.2,0,-74.23,-112.08,20.31,50.72,102.21
STN014,ART2118,22,Jan 20 2022,33.84,33.83,8.32,40.59,40.17,-1.13,27.24,-1.13,27.24,7.53,7.99,14.09,79.88,0,-74.23,-112.08,20.31,14.09,101.85
STN014,ART2119,23,Jan 20 2022,33.82,33.82,8.32,0.92,0.91,-1.12,27.22,-1.12,27.22,7.76,7.1,10.22,81.78,148.61,-74.23,-112.08,20.31,78.54,100.95
STN014,ART2120,24,Jan 20 2022,33.82,33.82,8.32,0.2,0.2,-1.12,27.22,-1.12,27.22,7.77,7.12,10.31,80.94,151.05,-74.23,-112.08,20.31,53.58,100.99
STN20,ART2121,1,Jan 22 2022,34.44,34.43,8.02,505.13,499.3,0.13,28.95,0.13,28.95,4.8,5.07,0.01,96.95,0,-74.15,-111.9,22,12.04,1643
STN20,ART2122,2,Jan 22 2022,34.44,34.43,8.02,505.15,499.31,0.13,28.95,0.13,28.95,4.8,5.08,0.01,96.9,0,-74.15,-111.9,22,3.67,1661.5
STN20,ART2123,3,Jan 22 2022,34.43,34.43,8.02,485.43,479.85,0.11,28.92,0.11,28.92,4.81,5.08,0.01,96.93,0,-74.15,-111.9,22,24.02,1742.9
STN20,ART2124,4,Jan 22 2022,34.43,34.43,8.02,485.44,479.86,0.11,28.92,0.11,28.92,4.81,5.08,0.01,96.94,0,-74.15,-111.9,22,24.01,1743.6
STN20,ART2125,5,Jan 22 2022,34.38,34.38,8.03,429.47,424.59,0.06,28.82,0.07,28.82,4.78,5.04,0.02,97.01,0,-74.15,-111.9,22.01,80.14,1729.5
STN20,ART2126,6,Jan 22 2022,34.39,34.38,8.03,429.5,424.62,0.06,28.82,0.06,28.82,4.77,5.04,0.01,97.03,0,-74.15,-111.9,22.01,80.14,1731.1
STN20,ART2127,7,Jan 22 2022,34.3,34.28,8.13,379.4,375.13,-0.38,28.36,-0.45,28.28,5.13,5.38,0.03,97.01,0,-74.15,-111.9,22.01,14,1694.7
STN20,ART2128,8,Jan 22 2022,34.29,34.29,8.12,379.42,375.14,-0.35,28.38,-0.31,28.41,5.14,5.49,0.03,97.02,0,-74.15,-111.9,22.01,14.04,1706.7
STN20,ART2129,9,Jan 22 2022,34.13,34.13,8.33,303.45,300.09,-1.25,27.47,-1.25,27.48,6.17,6.53,0,97.32,0,-74.15,-111.9,22.01,14.13,1726.6
STN20,ART2130,10,Jan 22 2022,34.13,34.13,8.33,303.48,300.12,-1.25,27.48,-1.25,27.48,6.17,6.52,0.01,96.83,0,-74.15,-111.9,22.01,14.12,1726.1
STN20,ART2131,11,Jan 22 2022,34.03,34.04,8.38,227.19,224.71,-1.43,27.22,-1.43,27.22,6.22,6.57,0.1,96.91,0,-74.15,-111.9,22.01,78.75,1721.9
STN20,ART2132,12,Jan 22 2022,33.99,33.99,8.4,176.77,174.86,-1.52,27.09,-1.52,27.09,6.42,6.79,0.27,96.87,0,-74.15,-111.9,22.01,85.76,1694.8
STN20,ART2133,13,Jan 22 2022,33.99,33.99,8.4,176.78,174.87,-1.53,27.08,-1.53,27.08,6.37,6.74,0.17,96.63,0,-74.15,-111.9,22.01,78.74,1699.7
STN20,ART2134,14,Jan 22 2022,33.99,33.99,8.4,176.79,174.88,-1.53,27.08,-1.53,27.08,6.39,6.76,0.38,96.84,0,-74.15,-111.9,22.01,90.54,1699.3
STN20,ART2135,15,Jan 22 2022,33.92,33.91,8.37,126.51,125.17,-1.36,27.16,-1.31,27.19,7.18,7.87,13.05,86.2,0,-74.15,-111.9,22.02,84.26,1713.9
STN20,ART2136,16,Jan 22 2022,33.91,33.9,8.36,126.52,125.17,-1.33,27.17,-1.28,27.2,7.22,7.79,12.36,87.16,0,-74.15,-111.9,22.02,57.58,1714
STN20,ART2137,17,Jan 22 2022,33.86,33.85,8.35,101.34,100.26,-1.25,27.18,-1.25,27.18,6.96,7.38,11.64,84.44,0,-74.15,-111.9,22.02,14.18,1712.6
STN20,ART2138,18,Jan 22 2022,33.86,33.86,8.35,101.36,100.29,-1.25,27.18,-1.25,27.18,6.96,7.38,10.24,85.26,0,-74.15,-111.9,22.02,14.19,1712.8
STN20,ART2139,19,Jan 22 2022,33.85,33.85,8.36,75.45,74.66,-1.33,27.1,-1.33,27.1,6.64,7.02,5.54,90.15,0,-74.15,-111.9,22.02,56.05,1711.5
STN20,ART2140,20,Jan 22 2022,33.85,33.85,8.36,75.45,74.65,-1.33,27.1,-1.33,27.1,6.61,7,4.94,89.41,0,-74.15,-111.9,22.02,99.59,1710.6
STN20,ART2141,21,Jan 22 2022,33.81,33.8,8.33,25.19,24.93,-1.19,27.16,-1.18,27.16,7.55,8.03,14.11,79.91,2.35,-74.15,-111.9,22.02,14.16,1697.7
STN20,ART2142,22,Jan 22 2022,33.8,33.8,8.33,25.19,24.93,-1.18,27.17,-1.18,27.17,7.57,8.03,12.84,80.24,2.36,-74.15,-111.9,22.02,14.13,1701.4
STN20,ART2143,23,Jan 22 2022,33.8,33.8,8.33,1.25,1.23,-1.17,27.16,-1.17,27.16,7.72,7.12,7.03,78.6,4515.6,-74.15,-111.9,22.02,58.09,1700.6
STN20,ART2144,24,Jan 22 2022,33.8,33.8,8.33,1.24,1.23,-1.17,27.16,-1.17,27.16,7.71,7.11,6.77,78.67,4542.1,-74.15,-111.9,22.02,81.95,1700.6
STN22,ART2145,1,Jan 23 2022,34.38,34.38,8.02,617.19,609.9,0.1,28.93,0.1,28.93,4.73,4.99,-0.01,95.76,0,-74.18,-113.34,23.1,99.79,501.99
STN22,ART2146,2,Jan 23 2022,34.38,34.38,8.03,617.23,609.94,0.1,28.93,0.1,28.93,4.73,4.99,0,95.75,0,-74.18,-113.34,23.1,14.13,534.69
STN22,ART2147,3,Jan 23 2022,34.37,34.36,8.04,556.86,550.36,0.05,28.85,0.04,28.85,4.74,5,0,95.85,0,-74.18,-113.34,23.1,14.14,541.53
STN22,ART2148,4,Jan 23 2022,34.37,34.36,8.04,556.84,550.33,0.05,28.86,0.05,28.85,4.75,5,-0.01,95.83,0,-74.18,-113.34,23.1,14.15,382.95
STN22,ART2149,5,Jan 23 2022,34.31,34.31,8.07,470.51,465.11,-0.11,28.63,-0.11,28.63,4.79,5.05,-0.01,95.73,0,-74.18,-113.34,23.1,14.15,381.9
STN22,ART2150,6,Jan 23 2022,34.31,34.31,8.07,470.56,465.16,-0.12,28.63,-0.11,28.63,4.79,5.05,-0.02,95.76,0,-74.18,-113.34,23.1,15.44,477.74
STN22,ART2151,7,Jan 23 2022,34.29,34.29,8.08,434.79,429.84,-0.15,28.57,-0.15,28.57,4.81,5.06,-0.01,95.96,0,-74.18,-113.34,23.1,14.14,478.03
STN22,ART2152,8,Jan 23 2022,34.29,34.29,8.08,434.8,429.84,-0.15,28.57,-0.15,28.57,4.81,5.06,-0.01,95.96,0,-74.18,-113.34,23.1,99.82,486.38
STN22,ART2153,9,Jan 23 2022,34.17,34.17,8.16,328.76,325.1,-0.48,28.16,-0.48,28.15,4.91,5.17,-0.01,95.88,0,-74.18,-113.34,23.1,99.82,483.53
STN22,ART2154,10,Jan 23 2022,34.17,34.17,8.16,328.75,325.09,-0.48,28.16,-0.48,28.15,4.9,5.17,0,95.9,0,-74.18,-113.34,23.1,99.82,1428.4
STN22,ART2155,11,Jan 23 2022,34.11,34.11,8.21,293.49,290.25,-0.68,27.93,-0.69,27.92,5.06,5.32,-0.01,95.89,0,-74.18,-113.34,23.1,99.28,1434.3
STN22,ART2156,12,Jan 23 2022,34.11,34.11,8.21,293.48,290.24,-0.69,27.92,-0.69,27.92,5.06,5.33,-0.02,95.91,0,-74.18,-113.34,23.11,99.84,464.14
STN22,ART2157,13,Jan 23 2022,34.09,34.09,8.21,253.09,250.32,-0.69,27.89,-0.69,27.89,5,5.27,-0.01,95.86,0,-74.18,-113.34,23.11,96.06,464
STN22,ART2158,14,Jan 23 2022,34.09,34.09,8.21,253.08,250.3,-0.69,27.89,-0.69,27.89,5,5.27,-0.02,95.86,0,-74.18,-113.34,23.11,90.11,429.35
STN22,ART2159,15,Jan 23 2022,34.04,34.03,8.26,176.87,174.96,-0.89,27.65,-0.88,27.65,5.14,5.4,-0.01,96,0,-74.18,-113.34,23.11,44.4,428.13
STN22,ART2160,16,Jan 23 2022,34.04,34.03,8.26,176.87,174.96,-0.89,27.64,-0.89,27.64,5.12,5.39,-0.01,95.99,0,-74.18,-113.34,25.42,99.91,69
STN22,ART2161,17,Jan 23 2022,34,34,8.27,151.91,150.28,-0.94,27.57,-0.95,27.56,5.1,5.38,-0.02,96.04,0.09,-74.18,-113.34,25.43,99.86,70.7
STN22,ART2162,18,Jan 23 2022,34,34,8.27,151.92,150.29,-0.95,27.56,-0.95,27.56,5.1,5.38,-0.01,96.04,0.09,-74.18,-113.34,25.43,1.06,98.51
STN22,ART2163,19,Jan 23 2022,33.93,33.93,8.35,111.06,109.88,-1.26,27.23,-1.26,27.23,5.42,5.72,-0.01,96.05,0.87,-74.18,-113.34,25.53,99.88,324.41
STN22,ART2164,20,Jan 23 2022,33.93,33.93,8.35,111.13,109.95,-1.27,27.23,-1.27,27.23,5.42,5.71,-0.01,96.05,0.89,-74.18,-113.34,25.53,99.85,314.01
STN22,ART2165,21,Jan 23 2022,33.88,33.88,8.37,50.94,50.41,-1.37,27.08,-1.37,27.08,5.46,5.75,0.02,95.86,12.08,-74.18,-113.34,25.53,99.98,353.05
STN22,ART2166,22,Jan 23 2022,33.88,33.88,8.37,50.97,50.44,-1.37,27.08,-1.37,27.08,5.46,5.75,0,96.02,12.06,-74.18,-113.34,25.61,99.85,478.49
STN22,ART2167,23,Jan 23 2022,33.88,33.88,8.35,1.7,1.68,-1.27,27.14,-1.31,27.11,5.49,5.07,0.16,95.79,218.09,-74.18,-113.34,25.61,99.98,419.71
STN22,ART2168,24,Jan 23 2022,33.88,33.87,8.35,1.67,1.65,-1.27,27.14,-1.27,27.13,5.47,5.06,0.04,95.85,216.03,-74.18,-113.34,25.61,18.82,444.75
STN056,ART2169,1,Jan 26 2022,34.19,34.19,8.15,354.31,350.34,-0.44,28.22,-0.44,28.22,4.93,5.06,-0.01,95.34,0,-74.18,-113.34,26.53,99.78,448.85
STN056,ART2170,2,Jan 26 2022,34.19,34.19,8.15,354.3,350.34,-0.44,28.22,-0.44,28.22,4.93,5.06,-0.01,95.34,0,-74.18,-113.34,26.53,99.78,470.33
STN056,ART2171,3,Jan 26 2022,34.17,34.17,8.16,333.93,330.21,-0.49,28.16,-0.48,28.16,4.93,5.05,-0.02,95.35,0,-74.18,-113.34,26.53,99.79,504.62
STN056,ART2172,4,Jan 26 2022,34.17,34.17,8.16,333.97,330.24,-0.5,28.14,-0.49,28.15,4.94,5.06,-0.01,95.35,0,-74.18,-113.34,26.53,95.19,511.06
STN056,ART2173,5,Jan 26 2022,34.15,34.15,8.18,313.74,310.26,-0.56,28.07,-0.55,28.07,4.96,5.09,-0.01,95.36,0,-74.18,-113.34,26.53,99.79,452.19
STN056,ART2174,6,Jan 26 2022,34.15,34.15,8.18,313.8,310.32,-0.55,28.07,-0.55,28.07,4.98,5.1,-0.01,95.38,0,-74.18,-113.34,26.53,95.68,480.4
STN056,ART2175,7,Jan 26 2022,34.13,34.12,8.2,293.13,289.89,-0.64,27.98,-0.65,27.96,5.01,5.15,-0.01,95.42,0,-74.18,-113.34,26.53,99.8,567.18
STN056,ART2176,8,Jan 26 2022,34.13,34.12,8.2,293.34,290.1,-0.64,27.98,-0.65,27.96,5.05,5.17,-0.01,95.43,0,-74.18,-113.34,26.53,99.79,570.78
STN056,ART2177,9,Jan 26 2022,34.09,34.1,8.22,273.65,270.64,-0.72,27.87,-0.7,27.89,5.05,5.17,-0.02,95.44,0,-74.18,-113.34,26.54,99.8,508.28
STN056,ART2178,10,Jan 26 2022,34.09,34.09,8.22,273.61,270.6,-0.72,27.87,-0.72,27.87,5.04,5.17,-0.01,95.44,0,-74.18,-113.34,26.54,99.8,553.29
STN056,ART2179,11,Jan 26 2022,34.09,34.08,8.22,253.05,250.28,-0.74,27.85,-0.74,27.84,5.05,5.18,-0.01,95.47,0,-74.18,-113.34,26.54,99.8,645.36
STN056,ART2180,12,Jan 26 2022,34.08,34.08,8.22,253.05,250.28,-0.74,27.84,-0.74,27.84,5.05,5.18,-0.01,95.45,0,-74.18,-113.34,26.54,99.8,776.68
STN056,ART2181,13,Jan 26 2022,34.07,34.07,8.22,232.26,229.72,-0.74,27.82,-0.74,27.82,5.01,5.13,-0.01,95.44,0,-74.18,-113.34,26.54,99.81,980.05
STN056,ART2182,14,Jan 26 2022,34.06,34.06,8.23,232.24,229.71,-0.78,27.78,-0.76,27.8,5.02,5.14,-0.02,95.45,0,-74.18,-113.34,26.54,89.96,948.61
STN056,ART2183,15,Jan 26 2022,34.03,34.03,8.3,212.12,209.82,-1.09,27.49,-1.09,27.49,5.46,5.45,-0.01,95.57,0,-74.18,-113.34,26.54,99.81,1184
STN056,ART2184,16,Jan 26 2022,34.03,34.03,8.3,212.18,209.88,-1.09,27.49,-1.08,27.49,5.47,5.61,-0.01,95.65,0,-74.18,-113.34,26.54,83.61,1210.1
STN056,ART2185,17,Jan 26 2022,34.01,34.01,8.32,192.01,189.94,-1.18,27.39,-1.17,27.4,5.57,5.71,0,95.7,0,-74.18,-113.34,26.54,99.82,898.28
STN056,ART2186,18,Jan 26 2022,33.96,33.96,8.34,171.75,169.9,-1.25,27.29,-1.26,27.29,5.65,5.77,-0.01,95.67,0,-74.18,-113.34,26.54,86.57,1311.7
STN056,ART2187,19,Jan 26 2022,33.96,33.95,8.34,171.75,169.9,-1.23,27.3,-1.23,27.3,5.49,5.63,-0.02,95.66,0,-74.18,-113.34,26.54,99.82,1325.7
STN056,ART2188,20,Jan 26 2022,33.96,33.95,8.34,171.79,169.95,-1.23,27.3,-1.23,27.3,5.46,5.6,-0.01,95.66,0,-74.18,-113.34,26.54,99.82,1323.3
STN056,ART2189,21,Jan 26 2022,33.93,33.93,8.35,151.5,149.87,-1.27,27.24,-1.27,27.24,5.42,5.54,-0.01,95.63,0,-74.18,-113.34,26.54,99.82,1376.1
STN056,ART2190,22,Jan 26 2022,33.93,33.93,8.34,151.49,149.86,-1.26,27.25,-1.24,27.27,5.39,5.53,-0.01,95.62,0,-74.18,-113.34,26.54,95.38,1412.2
STN056,ART2191,23,Jan 26 2022,33.88,33.88,8.37,100.88,99.81,-1.37,27.1,-1.37,27.1,5.41,5.54,-0.01,95.6,0,-74.18,-113.34,26.54,86.31,928.97
STN056,ART2192,24,Jan 26 2022,33.88,33.88,8.37,100.93,99.86,-1.38,27.1,-1.37,27.1,5.44,5.57,-0.01,95.62,0,-74.18,-113.34,26.54,99.83,871.19
STN056,ART2193,1,Jan 27 2022,34.38,34.37,8.03,618.41,611.1,0.07,28.9,0.07,28.9,4.69,4.74,-0.02,95.09,0,-74.18,-113.34,27.55,4.62,244.36
STN056,ART2194,2,Jan 27 2022,34.37,34.36,8.04,546.52,540.15,0.04,28.84,0.04,28.84,4.7,4.75,-0.01,95.08,0,-74.18,-113.34,27.56,77.61,215.36
STN056,ART2195,3,Jan 27 2022,34.27,34.26,8.11,414.28,409.58,-0.29,28.43,-0.27,28.44,4.9,4.99,-0.01,95.37,0,-74.18,-113.34,27.56,99.86,209.82
STN056,ART2196,4,Jan 27 2022,34.26,34.26,8.13,394.66,390.21,-0.37,28.35,-0.37,28.35,4.98,5.03,-0.01,95.55,0,-74.18,-113.34,27.56,89.91,209.96
STN056,ART2197,5,Jan 27 2022,34.23,34.22,8.15,353.66,349.7,-0.47,28.22,-0.5,28.19,5.03,5.12,-0.01,95.54,0,-74.18,-113.34,27.56,99.86,231.41
STN056,ART2198,6,Jan 27 2022,34.15,34.14,8.17,272.75,269.75,-0.54,28.06,-0.55,28.06,4.87,4.93,-0.01,95.28,0,-74.18,-113.34,27.56,99.86,225.22
STN056,ART2199,7,Jan 27 2022,34.06,34.06,8.26,242.47,239.82,-0.91,27.68,-0.89,27.69,5.12,5.18,-0.01,95.48,0,-74.18,-113.34,27.56,83.43,220.36
STN056,ART2200,8,Jan 27 2022,34.01,34.01,8.32,191.91,189.84,-1.19,27.38,-1.2,27.38,5.35,5.38,-0.01,95.59,0,-74.18,-113.34,27.56,99.86,210.39
STN056,ART2201,9,Jan 27 2022,33.91,33.9,8.38,121.13,119.84,-1.41,27.1,-1.42,27.09,5.53,5.59,-0.01,95.58,0,-74.18,-113.34,27.57,99.86,212.38
STN056,ART2202,10,Jan 27 2022,33.88,33.87,8.39,91.02,90.06,-1.45,27.03,-1.45,27.03,5.49,5.56,-0.01,95.56,0,-74.18,-113.34,27.57,99.87,211.37
STN056,ART2203,11,Jan 27 2022,33.81,33.81,8.37,30.49,30.17,-1.36,27.03,-1.36,27.03,6.59,6.64,7.81,86.96,0.03,-74.18,-113.34,27.57,99.5,223.93
STN056,ART2204,12,Jan 27 2022,33.8,33.8,8.33,1.54,1.52,-1.16,27.17,-1.16,27.17,7.94,7.3,17.8,74.18,113.38,-74.18,-113.34,27.57,85.15,242.88
STN068,ART2217,1,Jan 29 2022,34.11,34.1,8.21,259.44,256.59,-0.71,27.89,-0.71,27.89,5.09,5.19,-0.01,93.5,0,-74.03,-113.34,29.3,2.69,23.39
STN068,ART2218,2,Jan 29 2022,34.1,34.1,8.21,259.44,256.6,-0.71,27.88,-0.71,27.88,5.07,5.17,-0.01,93.5,0,-74.03,-113.34,29.3,2.71,23.78
STN068,ART2219,3,Jan 29 2022,34.1,34.1,8.22,251.5,248.75,-0.72,27.87,-0.71,27.88,5.05,5.15,0,93.51,0,-74.03,-113.34,29.31,10.84,24.72
STN068,ART2220,4,Jan 29 2022,34.09,34.09,8.22,237.41,234.82,-0.75,27.83,-0.75,27.83,5.07,5.18,-0.01,93.52,0,-74.03,-113.34,29.31,25.29,24.72
STN068,ART2221,5,Jan 29 2022,34.08,34.08,8.23,226.45,223.98,-0.79,27.78,-0.79,27.79,5.12,5.22,-0.01,93.53,0,-74.03,-113.34,29.31,36.47,24.82
STN068,ART2222,6,Jan 29 2022,34.08,34.08,8.23,226.43,223.96,-0.78,27.79,-0.78,27.8,5.1,5.19,-0.01,93.5,0,-74.03,-113.34,29.31,36.5,24.68
STN068,ART2223,7,Jan 29 2022,34.05,34.04,8.26,191.67,189.6,-0.9,27.65,-0.91,27.64,5.23,5.33,-0.01,93.57,0,-74.03,-113.34,29.31,72.19,24.72
STN068,ART2224,8,Jan 29 2022,34.05,34.04,8.26,191.69,189.62,-0.92,27.64,-0.92,27.64,5.2,5.31,-0.01,93.58,0,-74.03,-113.34,29.32,72.07,24.82
STN068,ART2225,9,Jan 29 2022,34,33.99,8.32,172.04,170.19,-1.18,27.37,-1.18,27.37,5.51,5.59,0,93.62,0,-74.03,-113.34,29.32,92.22,24.9
STN068,ART2226,10,Jan 29 2022,34,33.99,8.32,172.04,170.19,-1.18,27.37,-1.18,27.37,5.51,5.63,0,93.62,0,-74.03,-113.34,29.32,62.18,24.97
STN068,ART2227,11,Jan 29 2022,33.98,33.97,8.32,151.85,150.23,-1.18,27.35,-1.18,27.35,5.43,5.54,0.38,93.15,0,-74.03,-113.34,29.32,14.21,24.9
STN068,ART2228,12,Jan 29 2022,33.96,33.95,8.33,151.89,150.27,-1.21,27.32,-1.2,27.31,5.42,5.54,0.17,93.24,0,-74.03,-113.34,29.32,14.21,24.86
STN068,ART2229,13,Jan 29 2022,33.93,33.93,8.35,121.09,119.8,-1.27,27.22,-1.25,27.25,5.45,5.57,1.17,92.47,0,-74.03,-113.34,29.32,14.22,24.97
STN068,ART2230,14,Jan 29 2022,33.9,33.89,8.36,90.99,90.03,-1.34,27.13,-1.34,27.13,5.72,5.86,2.32,90.42,0,-74.03,-113.34,29.32,35.05,25.11
STN068,ART2231,15,Jan 29 2022,33.89,33.89,8.37,91,90.04,-1.35,27.12,-1.35,27.12,5.81,5.91,3.19,90.44,0,-74.03,-113.34,29.32,14.18,25
STN068,ART2232,16,Jan 29 2022,33.89,33.89,8.37,91,90.04,-1.35,27.12,-1.35,27.12,5.82,5.95,4.68,88.98,0,-74.03,-113.34,29.32,14.2,24.97
STN068,ART2233,17,Jan 29 2022,33.86,33.85,8.36,70.72,69.98,-1.3,27.13,-1.29,27.13,6.54,6.85,11.96,79.75,0,-74.03,-113.34,29.32,14.22,25.36
STN068,ART2234,18,Jan 29 2022,33.84,33.83,8.34,70.77,70.03,-1.23,27.18,-1.21,27.19,7.08,7.11,12.39,76.96,0,-74.03,-113.34,29.32,14,25.08
STN068,ART2235,19,Jan 29 2022,33.81,33.8,8.3,50.6,50.07,-1.05,27.29,-1.04,27.29,8.18,8.4,22.52,71.44,0,-74.03,-113.34,29.32,36.78,25.11
STN068,ART2236,20,Jan 29 2022,33.8,33.8,8.3,50.58,50.05,-1.04,27.29,-1.04,27.29,8.28,8.5,27.04,68.72,0,-74.03,-113.34,29.32,33.12,25.33
STN068,ART2237,21,Jan 29 2022,33.79,33.79,8.3,30.49,30.17,-1.03,27.29,-1.02,27.29,8.49,8.7,22.94,68.15,0,-74.03,-113.34,29.32,14.16,25.08
STN068,ART2238,22,Jan 29 2022,33.79,33.79,8.3,30.49,30.18,-1.03,27.28,-1.03,27.28,8.57,8.79,25.02,68.94,0,-74.03,-113.34,29.32,14.01,25.08
STN068,ART2239,23,Jan 29 2022,33.78,33.78,8.3,3.49,3.45,-1.01,27.29,-1,27.29,8.69,8.36,28.72,68.13,3.05,-74.03,-113.34,29.32,56.13,25.33
STN068,ART2240,24,Jan 29 2022,33.78,33.78,8.3,3.47,3.44,-1,27.29,-1,27.29,8.71,8.38,23.72,68.46,3.08,-74.03,-113.34,29.32,14.68,25.26
STN078,ART2243,1,Jan 31 2022,34.54,34.54,7.94,1053.13,1039.6,0.48,29.58,0.49,29.58,4.58,4.65,-0.01,93.92,0,-74.23,-112.69,31.73,5.07,1864.1
STN078,ART2244,2,Jan 31 2022,34.54,34.54,7.94,1052.85,1039.31,0.48,29.58,0.49,29.58,4.59,4.64,-0.01,93.91,0,-74.23,-112.69,31.73,5.29,1862.7
STN078,ART2245,3,Jan 31 2022,34.54,34.54,7.94,1037.82,1024.51,0.48,29.57,0.48,29.57,4.59,4.65,-0.01,93.93,0,-74.23,-112.69,31.74,21.24,1855.9
STN078,ART2246,4,Jan 31 2022,34.54,34.54,7.94,1037.87,1024.57,0.48,29.57,0.48,29.57,4.59,4.65,0,93.92,0,-74.23,-112.69,31.74,21.33,1859.8
STN078,ART2247,5,Jan 31 2022,34.53,34.53,7.95,810.09,800.14,0.43,29.41,0.43,29.41,4.62,4.69,-0.02,93.95,0,-74.23,-112.69,31.74,14.02,1896.2
STN078,ART2248,6,Jan 31 2022,34.53,34.53,7.95,810.04,800.09,0.43,29.41,0.43,29.41,4.62,4.69,-0.01,93.97,0,-74.23,-112.69,31.74,14.02,1894.8
STN078,ART2249,7,Jan 31 2022,34.43,34.43,8,607.11,599.95,0.2,29.05,0.2,29.05,4.69,4.76,0,93.8,0,-74.23,-112.69,31.75,14.06,1800.7
STN078,ART2250,8,Jan 31 2022,34.43,34.43,8,606.88,599.72,0.2,29.05,0.2,29.05,4.69,4.77,0.01,93.8,0,-74.23,-112.69,31.75,14.06,1819.5
STN078,ART2251,9,Jan 31 2022,34.28,34.27,8.12,444.94,439.86,-0.32,28.42,-0.33,28.41,5,5.09,0,93.67,0,-74.23,-112.69,31.75,14.05,1895.4
STN078,ART2252,10,Jan 31 2022,34.28,34.27,8.12,444.95,439.87,-0.33,28.42,-0.33,28.42,5,5.08,0,93.67,0,-74.23,-112.69,31.75,14.06,1895.3
STN078,ART2253,11,Jan 31 2022,34.17,34.17,8.28,399.49,394.98,-1.05,27.71,-1.05,27.71,5.86,5.95,0.01,93.81,0,-74.23,-112.69,31.75,14.14,1898.4
STN078,ART2254,12,Jan 31 2022,34.17,34.17,8.28,399.47,394.95,-1.05,27.71,-1.05,27.71,5.85,5.95,0.01,93.83,0,-74.23,-112.69,31.75,14.14,1899.1
STN078,ART2255,13,Jan 31 2022,34.06,34.06,8.37,302.92,299.57,-1.39,27.31,-1.4,27.3,6.16,6.26,0.06,93.66,0,-74.23,-112.69,31.76,14.17,1893.1
STN078,ART2256,14,Jan 31 2022,34.06,34.06,8.37,303.14,299.78,-1.4,27.3,-1.4,27.3,6.16,6.27,0.07,93.61,0,-74.23,-112.69,31.76,14.17,1894.6
STN078,ART2257,15,Jan 31 2022,33.97,33.96,8.4,181.95,179.99,-1.5,27.09,-1.5,27.09,6.35,6.46,1.16,91.98,0,-74.23,-112.69,31.76,99.86,1890.9
STN078,ART2258,16,Jan 31 2022,33.97,33.97,8.4,182.09,180.12,-1.5,27.09,-1.5,27.09,6.34,6.45,1.08,91.67,0,-74.23,-112.69,31.76,99.85,1892.1
STN078,ART2259,17,Jan 31 2022,33.93,33.93,8.39,101.31,100.24,-1.44,27.08,-1.44,27.08,6.28,6.39,2.04,90.6,0,-74.23,-112.69,31.76,99.84,1891.8
STN078,ART2260,18,Jan 31 2022,33.93,33.93,8.39,101.33,100.26,-1.44,27.08,-1.44,27.08,6.28,6.39,2.19,89.84,0,-74.23,-112.69,31.76,96.47,1890.9
STN078,ART2261,19,Jan 31 2022,33.87,33.87,8.36,55.52,54.93,-1.31,27.13,-1.3,27.13,7.21,7.38,10.08,80.11,0,-74.23,-112.69,31.76,14.15,1890.9
STN078,ART2262,20,Jan 31 2022,33.87,33.87,8.36,55.46,54.88,-1.31,27.13,-1.31,27.12,7.2,7.34,10.98,79.98,0,-74.23,-112.69,31.76,18.38,1890.2
STN078,ART2263,21,Jan 31 2022,33.83,33.83,8.36,20.08,19.87,-1.31,27.08,-1.31,27.07,7.03,7.16,9.42,81.19,13.25,-74.23,-112.69,31.76,14.2,1891.9
STN078,ART2264,22,Jan 31 2022,33.83,33.83,8.36,19.99,19.79,-1.31,27.08,-1.31,27.08,7.05,7.16,9.82,81.37,13.49,-74.23,-112.69,31.76,14.21,1891.7
STN078,ART2265,23,Jan 31 2022,33.82,33.81,8.34,1.21,1.19,-1.2,27.15,-1.2,27.14,7.41,6.5,7.29,76.28,3698.9,-74.23,-112.69,31.76,36.05,1891.5
STN078,ART2266,24,Jan 31 2022,33.82,33.81,8.34,0.56,0.55,-1.2,27.15,-1.21,27.14,7.58,6.81,7.63,76.53,4655.9,-74.23,-112.69,31.76,61.3,1891.4
STN089,ART2267,1,Feb 03 2022,34.7,34.7,7.8,1288.55,1271.26,1.11,30.34,1.12,30.34,4.31,4.38,0,99.11,0,-74.39,-110.09,34.24,3.16,349.37
STN089,ART2268,2,Feb 03 2022,34.7,34.7,7.8,1288.55,1271.26,1.11,30.34,1.12,30.34,4.31,4.37,-0.01,99.13,0,-74.39,-110.09,34.24,3.15,348.01
STN089,ART2269,3,Feb 03 2022,34.7,34.7,7.8,1267.22,1250.29,1.11,30.33,1.12,30.33,4.31,4.37,-0.01,99.13,0,-74.39,-110.09,34.24,24.48,342.47
STN089,ART2270,4,Feb 03 2022,34.7,34.7,7.8,1267.19,1250.26,1.11,30.33,1.12,30.33,4.31,4.38,-0.01,99.14,0,-74.39,-110.09,34.24,24.49,342.04
STN089,ART2271,5,Feb 03 2022,34.69,34.68,7.81,708.8,700.26,1.06,30.03,1.06,30.03,4.37,4.45,0,99.5,0,-74.39,-110.09,34.25,13.99,278.68
STN089,ART2272,6,Feb 03 2022,34.69,34.68,7.81,708.82,700.28,1.06,30.03,1.06,30.03,4.36,4.45,-0.01,99.47,0,-74.39,-110.09,34.25,13.99,278.68
STN089,ART2273,7,Feb 03 2022,34.52,34.51,7.93,607.31,600.14,0.5,29.37,0.49,29.36,4.65,4.78,-0.01,99.56,0,-74.39,-110.09,34.26,14.04,269.94
STN089,ART2274,8,Feb 03 2022,34.5,34.5,7.94,607.34,600.17,0.45,29.32,0.45,29.32,4.7,4.78,-0.01,99.57,0,-74.39,-110.09,34.26,14.04,270.37
STN089,ART2275,9,Feb 03 2022,34.34,34.33,8.07,506.06,500.21,-0.11,28.67,-0.11,28.67,4.94,5.04,-0.01,99.21,0,-74.39,-110.09,34.26,14.08,241.62
STN089,ART2276,10,Feb 03 2022,34.34,34.34,8.07,506.09,500.24,-0.11,28.68,-0.11,28.68,4.95,5.05,-0.01,99.21,0,-74.39,-110.09,34.26,14.08,240.11
STN089,ART2277,11,Feb 03 2022,34.21,34.2,8.17,404.36,399.78,-0.52,28.19,-0.52,28.18,5.07,5.17,-0.01,98.73,0,-74.39,-110.09,34.26,28.7,186.87
STN089,ART2278,12,Feb 03 2022,34.2,34.2,8.17,404.36,399.78,-0.54,28.17,-0.53,28.17,5.15,5.25,-0.02,98.73,0,-74.39,-110.09,34.26,14.1,185.71
STN089,ART2279,13,Feb 03 2022,34.1,34.1,8.22,303.5,300.13,-0.77,27.86,-0.76,27.86,5.18,5.28,-0.01,98.61,0,-74.39,-110.09,34.26,14.04,184.92
STN089,ART2280,14,Feb 03 2022,34.1,34.1,8.23,303.51,300.15,-0.77,27.85,-0.77,27.85,5.18,5.29,-0.01,98.6,0,-74.39,-110.09,34.26,13.97,185.06
STN089,ART2281,15,Feb 03 2022,34.06,34.06,8.26,252.71,249.94,-0.93,27.67,-0.92,27.67,5.3,5.41,-0.02,98.65,0,-74.39,-110.09,34.26,99.86,212.34
STN089,ART2282,16,Feb 03 2022,34.06,34.06,8.26,252.67,249.9,-0.93,27.67,-0.93,27.67,5.3,5.41,-0.01,98.64,0,-74.39,-110.09,34.26,99.75,210.86
STN089,ART2283,17,Feb 03 2022,34.02,34.01,8.29,201.87,199.68,-1.03,27.53,-1.03,27.52,5.3,5.4,-0.01,98.63,0,-74.39,-110.09,34.27,99.87,207.41
STN089,ART2284,18,Feb 03 2022,34.01,34.01,8.29,201.9,199.71,-1.03,27.52,-1.03,27.52,5.29,5.41,-0.02,98.64,0,-74.39,-110.09,34.27,99.86,208.16
STN089,ART2285,19,Feb 03 2022,33.94,33.92,8.35,151.84,150.22,-1.28,27.24,-1.32,27.2,5.41,5.53,-0.02,98.79,0,-74.39,-110.09,34.27,77.98,230.65
STN089,ART2286,20,Feb 03 2022,33.93,33.92,8.36,151.87,150.24,-1.32,27.2,-1.32,27.19,5.46,5.58,-0.01,98.86,0,-74.39,-110.09,34.27,99.87,231.05
STN089,ART2287,21,Feb 03 2022,33.87,33.87,8.39,101.1,100.03,-1.45,27.03,-1.44,27.03,5.47,5.59,-0.02,99.03,0.23,-74.39,-110.09,34.27,14.21,232.99
STN089,ART2288,22,Feb 03 2022,33.77,33.77,8.41,2.26,2.24,-1.53,26.84,-1.53,26.84,5.65,5.35,0.08,98.92,36.47,-74.39,-110.09,34.27,14.24,224.25
STN089,ART2289,23,Feb 03 2022,33.77,33.77,8.41,2.26,2.24,-1.53,26.84,-1.52,26.85,5.63,5.34,0.08,98.89,36.82,-74.39,-110.09,34.27,14.24,224.25
STN089,ART2290,24,Feb 03 2022,33.77,33.77,8.41,2.26,2.24,-1.52,26.85,-1.5,26.87,5.66,5.34,0.07,98.92,36.31,-74.39,-110.09,34.27,14.24,224.29
STN106,ART2305,1,Feb 05 2022,34.04,34.04,8.36,321.35,317.78,-1.35,27.33,-1.35,27.33,6.05,6.22,0.03,98.42,0,-74.16,-111.44,36.43,3.93,546.49
STN106,ART2306,2,Feb 05 2022,34.04,34.04,8.36,321.31,317.74,-1.35,27.33,-1.35,27.33,6.04,6.22,0.04,98.46,0,-74.16,-111.44,36.43,4.05,547.14
STN106,ART2307,3,Feb 05 2022,34.04,34.04,8.36,304.79,301.41,-1.35,27.33,-1.35,27.33,6.05,6.22,0.02,98.44,0,-74.16,-111.44,36.44,21.44,562.43
STN106,ART2308,4,Feb 05 2022,34.04,34.04,8.36,304.81,301.44,-1.35,27.33,-1.35,27.33,6.05,6.22,0.05,98.38,0,-74.16,-111.44,36.44,21.29,562.58
STN106,ART2309,5,Feb 05 2022,34.04,34.04,8.36,259.95,257.1,-1.35,27.3,-1.35,27.3,6.04,6.21,0.04,98.34,0,-74.16,-111.44,36.44,14.21,587.61
STN106,ART2310,6,Feb 05 2022,34.04,34.03,8.36,260.01,257.16,-1.35,27.3,-1.35,27.3,6.04,6.21,0.09,98.33,0,-74.16,-111.44,36.44,14.21,588.94
STN106,ART2311,7,Feb 05 2022,34,34,8.36,202.22,200.03,-1.37,27.24,-1.37,27.24,5.97,6.14,0.08,98.27,0,-74.16,-111.44,36.44,14.22,601.58
STN106,ART2312,8,Feb 05 2022,34,34,8.36,202.22,200.03,-1.37,27.23,-1.37,27.23,5.97,6.14,0.13,98.23,0,-74.16,-111.44,36.44,14.21,600.85
STN106,ART2313,9,Feb 05 2022,33.98,33.98,8.36,171.66,169.81,-1.33,27.23,-1.33,27.23,5.82,5.97,0.04,98.4,0,-74.16,-111.44,36.44,14.22,605.75
STN106,ART2314,10,Feb 05 2022,33.97,33.97,8.36,171.71,169.86,-1.33,27.23,-1.33,27.23,5.77,5.95,0.5,98.36,0,-74.16,-111.44,36.44,14.13,608.34
STN106,ART2315,11,Feb 05 2022,33.9,33.9,8.38,141.53,140.02,-1.4,27.11,-1.4,27.11,5.84,6,0.5,97.92,0,-74.16,-111.44,36.44,14.19,622.08
STN106,ART2316,12,Feb 05 2022,33.9,33.9,8.38,121.23,119.94,-1.39,27.1,-1.39,27.1,5.83,5.99,0.53,97.79,0,-74.16,-111.44,36.44,14.22,629.6
STN106,ART2317,13,Feb 05 2022,33.87,33.87,8.37,101.37,100.3,-1.38,27.09,-1.38,27.09,6.09,6.25,1.67,95.49,0,-74.16,-111.44,36.44,14.19,634.82
STN106,ART2318,14,Feb 05 2022,33.87,33.87,8.37,101.4,100.32,-1.38,27.09,-1.38,27.09,6.05,6.23,1.65,95.77,0,-74.16,-111.44,36.45,14.24,635.72
STN106,ART2319,15,Feb 05 2022,33.87,33.87,8.38,101.33,100.26,-1.38,27.08,-1.38,27.08,5.93,6.1,1.09,96.46,0,-74.16,-111.44,36.45,14.23,651.73
STN106,ART2320,16,Feb 05 2022,33.85,33.85,8.37,80.91,80.05,-1.36,27.08,-1.36,27.08,6.23,6.41,3.16,94.49,0,-74.16,-111.44,36.45,14.24,666.41
STN106,ART2321,17,Feb 05 2022,33.85,33.85,8.37,80.92,80.07,-1.36,27.08,-1.36,27.08,6.23,6.41,3.31,94.28,0,-74.16,-111.44,36.45,14.24,668.78
STN106,ART2322,18,Feb 05 2022,33.85,33.84,8.37,60.4,59.76,-1.35,27.07,-1.35,27.07,6.29,6.47,3.9,93.35,0,-74.16,-111.44,36.45,14.22,671.87
STN106,ART2323,19,Feb 05 2022,33.84,33.84,8.37,60.4,59.76,-1.35,27.07,-1.34,27.08,6.36,6.58,4.09,93.33,0,-74.16,-111.44,36.45,14.25,671.98
STN106,ART2324,20,Feb 05 2022,33.83,33.83,8.36,39.84,39.43,-1.32,27.08,-1.32,27.08,6.61,6.8,5.07,90.98,0.05,-74.16,-111.44,36.45,14.17,677.31
STN106,ART2325,21,Feb 05 2022,33.82,33.82,8.36,20.14,19.93,-1.3,27.08,-1.3,27.08,6.88,7.07,6.67,88.71,1.57,-74.16,-111.44,36.45,14.22,687.27
STN106,ART2326,22,Feb 05 2022,33.82,33.82,8.36,20.18,19.97,-1.3,27.08,-1.3,27.08,6.97,7.19,7.36,88.12,1.54,-74.16,-111.44,36.45,14.24,686.41
STN106,ART2327,23,Feb 05 2022,33.79,33.79,8.36,1.98,1.96,-1.29,27.06,-1.29,27.06,7.23,6.81,7.56,85.8,64.41,-74.16,-111.44,36.45,35.36,693.57
STN106,ART2328,24,Feb 05 2022,33.79,33.79,8.36,1.97,1.95,-1.29,27.06,-1.29,27.06,7.24,6.81,8.95,86.8,64.14,-74.16,-111.44,36.45,47.55,693.79
STN115,ART2353,1,Feb 07 2022,34.58,34.57,7.91,738.85,729.92,0.58,29.54,0.58,29.54,4.58,4.68,0.02,98.37,0,-73.8,-112.67,38.88,3.9,567.87
STN115,ART2354,2,Feb 07 2022,34.58,34.57,7.91,738.9,729.97,0.58,29.54,0.58,29.54,4.58,4.68,0.03,98.43,0,-73.8,-112.67,38.88,3.84,566.28
STN115,ART2355,3,Feb 07 2022,34.49,34.48,7.98,657.77,649.94,0.29,29.2,0.3,29.2,4.73,4.85,0.01,98.73,0,-73.8,-112.67,38.88,86.15,617.51
STN115,ART2356,4,Feb 07 2022,34.49,34.49,7.98,657.8,649.97,0.29,29.2,0.3,29.2,4.74,4.85,0.01,98.73,0,-73.8,-112.67,38.88,86.08,617.94
STN115,ART2357,5,Feb 07 2022,34.39,34.39,8.02,455.1,449.9,0.11,28.88,0.1,28.87,4.73,4.85,0.01,98.58,0,-73.8,-112.67,38.89,99.82,754.15
STN115,ART2358,6,Feb 07 2022,34.17,34.16,8.3,303.31,299.96,-1.13,27.6,-1.13,27.6,5.96,6.1,0.08,98.52,0,-73.8,-112.67,38.89,99.83,811.65
STN115,ART2359,7,Feb 07 2022,34.17,34.16,8.3,303.33,299.97,-1.14,27.59,-1.13,27.6,5.96,6.11,0.06,98.64,0,-73.8,-112.67,38.89,99.83,813.95
STN115,ART2360,8,Feb 07 2022,34.11,34.11,8.34,252.59,249.82,-1.29,27.4,-1.28,27.41,6.11,6.27,0.23,98.48,0,-73.8,-112.67,38.89,91.72,772.5
STN115,ART2361,9,Feb 07 2022,34.03,34.03,8.38,181.96,180,-1.43,27.19,-1.43,27.19,6.21,6.38,1.77,96.59,0,-73.8,-112.67,38.89,89.41,726.88
STN115,ART2362,10,Feb 07 2022,34.03,34.03,8.38,181.98,180.02,-1.43,27.2,-1.43,27.19,6.22,6.37,1.1,96.53,0,-73.8,-112.67,38.89,96.2,728.03
STN115,ART2363,11,Feb 07 2022,34.02,34.02,8.38,182.02,180.06,-1.43,27.19,-1.43,27.19,6.21,6.37,0.61,96.95,0,-73.8,-112.67,38.89,99.84,728.07
STN115,ART2364,12,Feb 07 2022,33.94,33.94,8.36,125.88,124.55,-1.32,27.2,-1.31,27.2,5.98,6.16,2.62,94.82,0,-73.8,-112.67,38.89,99.8,930.12
STN115,ART2365,13,Feb 07 2022,33.94,33.94,8.36,125.9,124.56,-1.32,27.2,-1.32,27.2,5.92,6.07,3.35,91.65,0,-73.8,-112.67,38.89,99.83,929.61
STN115,ART2366,14,Feb 07 2022,33.94,33.94,8.36,125.92,124.58,-1.32,27.2,-1.31,27.2,5.91,6.06,3.94,94.27,0,-73.8,-112.67,38.89,99.78,929.33
STN115,ART2367,15,Feb 07 2022,33.91,33.9,8.37,101.21,100.14,-1.37,27.12,-1.38,27.11,5.95,6.07,4.23,93.62,0,-73.8,-112.67,38.9,99.66,930.8
STN115,ART2368,16,Feb 07 2022,33.91,33.9,8.37,101.18,100.11,-1.37,27.12,-1.38,27.11,5.95,6.06,3.36,93.85,0,-73.8,-112.67,38.9,99.79,929.61
STN115,ART2369,17,Feb 07 2022,33.86,33.86,8.34,70.5,69.76,-1.25,27.18,-1.23,27.18,6.73,7.01,11.61,82.09,0,-73.8,-112.67,38.9,99.41,879.93
STN115,ART2370,18,Feb 07 2022,33.86,33.85,8.34,70.53,69.79,-1.23,27.18,-1.23,27.19,6.79,7.01,11.4,82.1,0,-73.8,-112.67,38.9,96.36,878.93
STN115,ART2371,19,Feb 07 2022,33.82,33.82,8.31,50.68,50.15,-1.09,27.26,-1.09,27.26,7.84,8,17.31,77.89,0,-73.8,-112.67,38.9,99.71,838.34
STN115,ART2372,20,Feb 07 2022,33.82,33.82,8.31,50.7,50.17,-1.09,27.26,-1.09,27.26,7.87,8.05,17.17,77.92,0,-73.8,-112.67,38.9,99.77,836.47
STN115,ART2373,21,Feb 07 2022,33.81,33.81,8.29,35.31,34.94,-0.99,27.33,-0.92,27.39,8.27,8.47,19.69,75.58,0.01,-73.8,-112.67,38.9,99.91,794.31
STN115,ART2374,22,Feb 07 2022,33.81,33.8,8.26,35.32,34.95,-0.86,27.44,-0.88,27.42,8.27,8.58,19.21,76.91,0.01,-73.8,-112.67,38.9,88.32,793.15
STN115,ART2375,23,Feb 07 2022,33.8,33.8,8.21,2.04,2.02,-0.64,27.6,-0.64,27.6,8.91,8.37,19.27,75.29,305.14,-73.8,-112.67,38.9,92.09,761.49
STN115,ART2376,24,Feb 07 2022,33.8,33.8,8.21,2.12,2.09,-0.64,27.6,-0.64,27.6,8.91,8.36,19.68,76.08,291.14,-73.8,-112.67,38.9,98.66,761.52
STN132,ART2389,1,Feb 11 2022,34.09,34.09,8.34,511.36,505.44,-1.27,27.52,-1.27,27.52,6.02,6.2,-0.02,97.77,0,-74.2,-110.9,42.54,6.53,77.03
STN132,ART2390,2,Feb 11 2022,34.09,34.09,8.34,511.33,505.42,-1.27,27.52,-1.27,27.52,6.03,6.2,-0.02,97.75,0,-74.2,-110.9,42.54,6.5,77.82
STN132,ART2391,3,Feb 11 2022,34.09,34.09,8.34,430.13,425.23,-1.26,27.49,-1.26,27.49,5.98,6.17,-0.01,97.75,0,-74.2,-110.9,42.55,89.44,81.53
STN132,ART2392,4,Feb 11 2022,34.09,34.09,8.34,430.08,425.19,-1.26,27.49,-1.26,27.49,6.01,6.17,-0.01,97.77,0,-74.2,-110.9,42.55,89.49,81.6
STN132,ART2393,5,Feb 11 2022,34.06,34.06,8.35,308.05,304.64,-1.31,27.37,-1.31,27.37,5.97,6.15,-0.01,97.69,0,-74.2,-110.9,42.55,99.9,82.57
STN132,ART2394,6,Feb 11 2022,34.06,34.05,8.35,308.09,304.67,-1.31,27.37,-1.31,27.37,5.98,6.14,-0.01,97.73,0,-74.2,-110.9,42.55,97.5,82.5
STN132,ART2395,7,Feb 11 2022,34.01,34.01,8.34,222.46,220.04,-1.26,27.34,-1.26,27.34,5.73,5.9,-0.01,97.7,0,-74.2,-110.9,42.55,99.9,90.52
STN132,ART2396,8,Feb 11 2022,34.01,34,8.34,222.42,220,-1.27,27.33,-1.27,27.33,5.74,5.91,0.01,97.7,0,-74.2,-110.9,42.55,93.76,90.77
STN132,ART2397,9,Feb 11 2022,34,34,8.34,202.39,200.2,-1.24,27.34,-1.24,27.34,5.64,5.83,0,97.6,0,-74.2,-110.9,42.55,99.9,95.56
STN132,ART2398,10,Feb 11 2022,34,34,8.33,202.4,200.2,-1.23,27.35,-1.23,27.35,5.66,5.81,0,97.61,0,-74.2,-110.9,42.55,99.1,96.06
STN132,ART2399,11,Feb 11 2022,33.98,33.98,8.33,171.98,170.13,-1.2,27.35,-1.2,27.35,5.5,5.67,0.01,97.5,0,-74.2,-110.9,42.55,99.9,102.18
STN132,ART2400,12,Feb 11 2022,33.97,33.97,8.33,171.97,170.12,-1.22,27.32,-1.22,27.32,5.51,5.66,0.02,97.49,0,-74.2,-110.9,42.55,99.89,102.61
STN132,ART2401,13,Feb 11 2022,33.96,33.96,8.35,141.26,139.75,-1.28,27.25,-1.27,27.25,5.57,5.74,0,97.65,0,-74.2,-110.9,42.55,99.9,107.54
STN132,ART2402,14,Feb 11 2022,33.95,33.95,8.35,141.25,139.74,-1.31,27.22,-1.3,27.23,5.59,5.74,0.01,97.6,0,-74.2,-110.9,42.55,99.9,107.94
STN132,ART2403,15,Feb 11 2022,33.92,33.92,8.37,121.46,120.17,-1.37,27.14,-1.37,27.14,5.68,5.84,0.11,97.61,0,-74.2,-110.9,42.55,97.35,105.99
STN132,ART2404,16,Feb 11 2022,33.91,33.91,8.37,101.05,99.98,-1.36,27.13,-1.36,27.13,5.61,5.79,0.22,97.26,0.04,-74.2,-110.9,42.55,99.89,104.94
STN132,ART2405,17,Feb 11 2022,33.9,33.89,8.37,101.09,100.02,-1.36,27.12,-1.36,27.12,5.63,5.81,0.27,97.35,0.04,-74.2,-110.9,42.55,99.89,106.53
STN132,ART2406,18,Feb 11 2022,33.89,33.89,8.37,101.06,99.99,-1.37,27.11,-1.36,27.11,5.63,5.8,0.36,97.11,0.04,-74.2,-110.9,42.56,99.89,107.54
STN132,ART2407,19,Feb 11 2022,33.83,33.83,8.39,60.62,59.98,-1.42,27,-1.42,27.01,5.94,6.11,0.86,96.39,0.71,-74.2,-110.9,42.56,99.89,113.51
STN132,ART2408,20,Feb 11 2022,33.83,33.83,8.39,60.65,60.01,-1.42,27,-1.42,27,5.96,6.15,0.81,96.39,0.71,-74.2,-110.9,42.56,99.89,113.69
STN132,ART2409,21,Feb 11 2022,33.82,33.82,8.39,30.54,30.22,-1.43,26.98,-1.42,26.98,6.23,6.43,1.19,95.73,4.74,-74.2,-110.9,42.56,99.88,117
STN132,ART2410,22,Feb 11 2022,33.82,33.82,8.39,30.55,30.23,-1.43,26.98,-1.42,26.98,6.23,6.43,1.11,95.78,4.65,-74.2,-110.9,42.56,98.9,118.11
STN132,ART2411,23,Feb 11 2022,33.82,33.82,8.38,2.92,2.89,-1.41,26.98,-1.42,26.97,6.24,5.95,1.13,95.86,50.14,-74.2,-110.9,42.56,20.72,120.42
STN132,ART2412,24,Feb 11 2022,33.82,33.82,8.38,3,2.97,-1.4,26.99,-1.41,26.98,6.24,5.95,1.08,95.82,50.72,-74.2,-110.9,42.56,99.88,120.78
STN146,ART2425,1,Feb 13 2022,34.1,34.1,8.24,271.45,268.47,-0.85,27.78,-0.84,27.78,5.29,5.45,0.53,95.62,0,-73.86,-114.02,44.5,6.73,730.7
STN146,ART2426,2,Feb 13 2022,34.1,34.1,8.24,270.96,267.99,-0.84,27.78,-0.84,27.78,5.28,5.45,0.58,95.72,0,-73.86,-114.02,44.5,7.17,729.97
STN146,ART2427,3,Feb 13 2022,34.1,34.1,8.24,252.83,250.06,-0.85,27.76,-0.85,27.76,5.3,5.46,0.33,95.89,0,-73.86,-114.02,44.5,25.9,730.16
STN146,ART2428,4,Feb 13 2022,34.1,34.1,8.25,252.84,250.08,-0.86,27.75,-0.86,27.75,5.29,5.46,0.45,95.61,0,-73.86,-114.02,44.5,25.77,730.73
STN146,ART2429,5,Feb 13 2022,34.07,34.07,8.27,232.6,230.06,-0.96,27.64,-0.95,27.65,5.41,5.58,1.19,95.29,0,-73.86,-114.02,44.5,46.54,737.78
STN146,ART2430,6,Feb 13 2022,34.07,34.07,8.27,232.57,230.04,-0.96,27.64,-0.97,27.63,5.38,5.55,0.87,95.68,0,-73.86,-114.02,44.5,46.48,742.17
STN146,ART2431,7,Feb 13 2022,34.02,34.02,8.3,202.72,200.52,-1.08,27.49,-1.08,27.49,5.49,5.66,2.37,94.28,0,-73.86,-114.02,44.5,78.51,751.28
STN146,ART2432,8,Feb 13 2022,34.02,34.02,8.3,202.69,200.5,-1.09,27.49,-1.08,27.49,5.51,5.67,1.99,94.09,0,-73.86,-114.02,44.5,78.12,751.89
STN146,ART2433,9,Feb 13 2022,34.02,34.02,8.3,202.66,200.47,-1.09,27.48,-1.08,27.48,5.52,5.69,1.48,93.93,0,-73.86,-114.02,44.5,77.68,751.64
STN146,ART2434,10,Feb 13 2022,34.01,34.01,8.3,187.47,185.45,-1.09,27.47,-1.09,27.47,5.53,5.7,2.05,93.33,0,-73.86,-114.02,44.5,92.51,767.07
STN146,ART2435,11,Feb 13 2022,34.02,34.01,8.3,187.52,185.5,-1.09,27.47,-1.09,27.47,5.53,5.71,3.52,91.55,0,-73.86,-114.02,44.5,91.98,767.64
STN146,ART2436,12,Feb 13 2022,33.94,33.94,8.32,161.64,159.91,-1.17,27.34,-1.17,27.34,5.97,6.15,6.09,88.89,0,-73.86,-114.02,44.5,99.65,778.54
STN146,ART2437,13,Feb 13 2022,33.94,33.94,8.32,161.62,159.89,-1.17,27.34,-1.17,27.34,6.01,6.2,5.74,88.19,0,-73.86,-114.02,44.5,97.72,781.93
STN146,ART2438,14,Feb 13 2022,33.94,33.94,8.32,161.66,159.92,-1.17,27.33,-1.17,27.33,6.01,6.2,6.41,87.92,0,-73.86,-114.02,44.5,99.52,781.32
STN146,ART2439,15,Feb 13 2022,33.91,33.91,8.33,141.4,139.89,-1.21,27.27,-1.21,27.27,6.47,6.62,13.05,84.42,0,-73.86,-114.02,44.51,99.62,791.57
STN146,ART2440,16,Feb 13 2022,33.78,33.78,8.29,125.94,124.6,-0.98,27.37,-0.97,27.37,8.19,8.54,17.22,81.18,0,-73.86,-114.02,44.51,91.95,785.96
STN146,ART2441,17,Feb 13 2022,33.77,33.77,8.29,101.14,100.07,-0.96,27.36,-0.96,27.36,8.43,8.72,17.98,78.23,0,-73.86,-114.02,44.51,99.58,795.78
STN146,ART2442,18,Feb 13 2022,33.77,33.77,8.29,101.2,100.13,-0.96,27.36,-0.96,27.36,8.43,8.72,13.13,82.29,0,-73.86,-114.02,44.51,97.39,797.54
STN146,ART2443,19,Feb 13 2022,33.77,33.77,8.29,60.35,59.72,-0.97,27.33,-0.97,27.33,8.49,8.78,18.03,80.45,0,-73.86,-114.02,44.51,99.82,814.52
STN146,ART2444,20,Feb 13 2022,33.77,33.77,8.29,60.36,59.73,-0.97,27.33,-0.97,27.33,8.5,8.79,15.45,80.11,0,-73.86,-114.02,44.51,99.84,820.89
STN146,ART2445,21,Feb 13 2022,33.77,33.76,8.29,30.43,30.12,-0.98,27.31,-0.98,27.31,8.55,8.85,17.98,80.14,0,-73.86,-114.02,44.51,99.61,826.36
STN146,ART2446,22,Feb 13 2022,33.76,33.76,8.29,30.38,30.07,-0.98,27.31,-0.98,27.31,8.58,8.88,19.16,80.69,0.01,-73.86,-114.02,44.51,99.73,831.22
STN146,ART2447,23,Feb 13 2022,33.76,33.76,8.28,2.28,2.26,-0.93,27.34,-0.93,27.34,8.57,8.1,18.31,79.59,65.52,-73.86,-114.02,44.51,77.71,828.66
STN146,ART2448,24,Feb 13 2022,33.76,33.76,8.27,2.29,2.26,-0.9,27.36,-0.91,27.35,8.59,8.11,14.27,79.76,66.89,-73.86,-114.02,44.51,99.76,831.15
STN153,ART2475,1,Feb 15 2022,34.39,34.39,8.05,554.75,548.28,0,28.83,0,28.83,5,5.13,-0.01,97.11,0,-73.92,-118.84,46.12,3.81,149.88
STN153,ART2476,2,Feb 15 2022,34.39,34.39,8.04,554.7,548.23,0,28.83,0,28.83,4.96,5.13,-0.01,97.1,0,-73.92,-118.84,46.12,3.5,149.8
STN153,ART2477,3,Feb 15 2022,34.32,34.32,8.1,505.67,499.83,-0.25,28.54,-0.25,28.54,5.11,5.26,0,97.05,0,-73.92,-118.84,46.12,53.97,146.72
STN153,ART2478,4,Feb 15 2022,34.32,34.32,8.1,505.68,499.84,-0.26,28.54,-0.25,28.54,5.08,5.26,-0.01,97.05,0,-73.92,-118.84,46.12,54.7,146.82
STN153,ART2479,5,Feb 15 2022,34.21,34.21,8.22,424.74,419.92,-0.76,27.99,-0.77,27.99,5.4,5.6,0,97.03,0,-73.92,-118.84,46.12,96.09,143.33
STN153,ART2480,6,Feb 15 2022,34.21,34.2,8.22,424.7,419.88,-0.77,27.99,-0.77,27.99,5.42,5.6,-0.01,97.04,0,-73.92,-118.84,46.12,99.87,143.58
STN153,ART2481,7,Feb 15 2022,34.14,34.14,8.31,384.48,380.16,-1.18,27.58,-1.17,27.58,5.75,5.91,-0.01,97.14,0,-73.92,-118.84,46.12,98.86,140.31
STN153,ART2482,8,Feb 15 2022,34.14,34.14,8.31,384.42,380.1,-1.18,27.57,-1.18,27.57,5.79,5.94,-0.01,97.13,0,-73.92,-118.84,46.12,99.88,140.63
STN153,ART2483,9,Feb 15 2022,34.06,34.06,8.43,303.19,299.83,-1.69,27.06,-1.69,27.06,6.3,6.5,0.24,96.71,0,-73.92,-118.84,46.12,99.87,136.24
STN153,ART2484,10,Feb 15 2022,34.06,34.06,8.43,303.14,299.79,-1.69,27.06,-1.69,27.06,6.28,6.5,0.09,96.76,0,-73.92,-118.84,46.12,99.87,136.28
STN153,ART2485,11,Feb 15 2022,34.03,34.03,8.44,242.68,240.03,-1.7,27,-1.7,27,6.28,6.49,0.33,96.59,0,-73.92,-118.84,46.13,99.87,134.48
STN153,ART2486,12,Feb 15 2022,34.03,34.03,8.44,242.65,240,-1.7,27,-1.7,27,6.29,6.49,0.18,96.45,0,-73.92,-118.84,46.13,99.87,134.73
STN153,ART2487,13,Feb 15 2022,34.01,34.01,8.39,217.17,214.81,-1.5,27.15,-1.5,27.14,5.88,6.07,0,96.89,0,-73.92,-118.84,46.13,99.87,134.38
STN153,ART2488,14,Feb 15 2022,34.01,34.01,8.39,217.14,214.78,-1.5,27.15,-1.5,27.15,5.87,6.07,0.12,96.94,0,-73.92,-118.84,46.13,99.88,134.45
STN153,ART2489,15,Feb 15 2022,34.01,34.01,8.37,202.05,199.86,-1.41,27.21,-1.4,27.22,5.72,5.92,0.04,96.95,0,-73.92,-118.84,46.13,99.88,134.7
STN153,ART2490,16,Feb 15 2022,34.01,34.01,8.37,202.09,199.91,-1.42,27.2,-1.42,27.2,5.72,5.92,-0.01,97,0,-73.92,-118.84,46.13,99.88,134.7
STN153,ART2491,17,Feb 15 2022,33.97,33.97,8.37,161.75,160.02,-1.37,27.19,-1.38,27.19,5.8,5.99,0.31,96.58,0,-73.92,-118.84,46.13,99.88,135.7
STN153,ART2492,18,Feb 15 2022,33.97,33.97,8.37,161.73,160,-1.37,27.19,-1.38,27.19,5.78,5.95,0.23,96.61,0,-73.92,-118.84,46.13,88.26,135.7
STN153,ART2493,19,Feb 15 2022,33.93,33.93,8.34,121.5,120.21,-1.26,27.24,-1.26,27.24,6.31,6.54,3.54,95.02,0,-73.92,-118.84,46.13,99.84,135.96
STN153,ART2494,20,Feb 15 2022,33.93,33.93,8.34,121.49,120.2,-1.25,27.24,-1.26,27.24,6.35,6.55,1.02,94.18,0,-73.92,-118.84,46.13,99.35,135.92
STN153,ART2495,21,Feb 15 2022,33.93,33.93,8.34,121.47,120.18,-1.25,27.24,-1.25,27.24,6.35,6.57,1.84,95.1,0,-73.92,-118.84,46.13,99.85,135.74
STN153,ART2496,22,Feb 15 2022,33.86,33.85,8.13,80.77,79.92,-0.27,27.99,-0.24,28,8.66,8.97,9.53,88.79,0,-73.92,-118.84,46.13,99.69,137.25
STN153,ART2497,23,Feb 15 2022,33.76,33.76,8.15,1.96,1.94,-0.33,27.83,-0.33,27.83,9.1,8.56,7.85,89.44,52.2,-73.92,-118.84,46.13,95.78,137.36
STN153,ART2498,24,Feb 15 2022,33.76,33.76,8.15,2.04,2.02,-0.33,27.83,-0.33,27.83,9.11,8.56,7.19,87.28,51.47,-73.92,-118.84,46.13,80.8,137.5
STN12.3,ASP01493,1,Feb 17 2022,34.56,34.56,7.92,740.5,731.54,0.53,29.5,0.54,29.5,4.61,4.76,0.04,96.21,0,-73.8,-112.67,48.52,9.59,91.85
STN12.3,ASP01494,2,Feb 17 2022,34.56,34.56,7.92,740.43,731.47,0.53,29.5,0.54,29.5,4.61,4.76,0.04,96.23,0,-73.8,-112.67,48.52,2.39,92.43
STN12.3,ASP01495,3,Feb 17 2022,34.49,34.48,7.97,657.92,650.09,0.32,29.22,0.32,29.21,4.7,4.86,0.03,96.42,0,-73.8,-112.67,48.52,86.06,97.86
STN12.3,ASP01496,4,Feb 17 2022,34.49,34.48,7.97,657.92,650.09,0.32,29.22,0.31,29.21,4.7,4.85,0.02,96.31,0,-73.8,-112.67,48.52,85.47,97.93
STN12.3,ASP01497,5,Feb 17 2022,34.4,34.4,8.01,505.75,499.92,0.15,28.94,0.15,28.95,4.71,4.87,0.05,96.22,0,-73.8,-112.67,48.53,99.84,102.72
STN12.3,ASP01498,6,Feb 17 2022,34.32,34.32,8.08,404.62,400.05,-0.16,28.57,-0.16,28.57,4.87,5.03,0.13,96.03,0,-73.8,-112.67,48.53,99.85,106.82
STN12.3,ASP01499,7,Feb 17 2022,34.25,34.26,8.17,354.21,350.25,-0.57,28.15,-0.55,28.18,5.32,5.52,0.16,96.04,0,-73.8,-112.67,48.53,99.85,109.37
STN12.3,ASP01500,8,Feb 17 2022,34.16,34.16,8.3,303.45,300.09,-1.14,27.59,-1.13,27.59,5.85,6.05,0.1,95.82,0,-73.8,-112.67,48.53,99.85,113.58
STN12.3,ASP01501,9,Feb 17 2022,34.16,34.16,8.3,303.46,300.1,-1.13,27.59,-1.13,27.59,5.85,6.06,0.52,96.06,0,-73.8,-112.67,48.53,95.78,113.54
STN12.3,ASP01502,10,Feb 17 2022,34.1,34.1,8.33,253.18,250.41,-1.24,27.44,-1.23,27.45,6.05,6.27,1.51,95.17,0,-73.8,-112.67,48.53,99.86,118.33
STN12.3,ASP01503,11,Feb 17 2022,34.01,34,8.38,166.71,164.92,-1.45,27.16,-1.45,27.16,6.19,6.41,1.82,93.58,0,-73.8,-112.67,48.54,99.84,129.34
STN12.3,ASP01504,12,Feb 17 2022,34.01,34,8.38,166.69,164.9,-1.44,27.16,-1.45,27.15,6.2,6.41,2.02,93.36,0,-73.8,-112.67,48.54,99.8,129.77
STN12.3,ASP01505,13,Feb 17 2022,34,34,8.38,166.7,164.91,-1.45,27.15,-1.45,27.15,6.19,6.4,1.51,94.32,0,-73.8,-112.67,48.54,99.85,130.09
STN12.3,ASP01506,14,Feb 17 2022,33.97,33.97,8.39,126.34,125,-1.47,27.09,-1.47,27.1,6.21,6.43,3.66,91.03,0,-73.8,-112.67,48.54,99.8,135.52
STN12.3,ASP01507,15,Feb 17 2022,33.92,33.91,8.36,100.92,99.85,-1.33,27.16,-1.33,27.16,6.35,6.57,5.66,87.47,0,-73.8,-112.67,48.54,99.67,139.81
STN12.3,ASP01508,16,Feb 17 2022,33.91,33.91,8.35,100.89,99.82,-1.3,27.18,-1.31,27.17,6.4,6.63,5.53,87.69,0,-73.8,-112.67,48.54,99.74,140.02
STN12.3,ASP01509,17,Feb 17 2022,33.86,33.85,8.34,70.49,69.75,-1.24,27.18,-1.23,27.19,6.79,7.03,9.9,86.15,0,-73.8,-112.67,48.54,99.59,144.7
STN12.3,ASP01510,18,Feb 17 2022,33.86,33.85,8.34,70.49,69.75,-1.21,27.21,-1.23,27.18,6.8,7.05,9.32,84.3,0,-73.8,-112.67,48.54,95.95,145.57
STN12.3,ASP01511,19,Feb 17 2022,33.85,33.84,8.27,50.45,49.92,-0.9,27.44,-0.89,27.44,7.69,7.99,13.26,79.51,0,-73.8,-112.67,48.54,99.51,146.28
STN12.3,ASP01512,20,Feb 17 2022,33.84,33.84,8.27,50.47,49.94,-0.89,27.45,-0.9,27.44,7.53,7.76,12.67,79.42,0,-73.8,-112.67,48.54,99.63,146.54
STN12.3,ASP01513,21,Feb 17 2022,33.77,33.77,8.27,14.97,14.81,-0.86,27.4,-0.86,27.4,8.71,9.07,25.25,75.49,1.38,-73.8,-112.67,48.54,99.96,146.75
STN12.3,ASP01514,22,Feb 17 2022,33.77,33.77,8.27,14.98,14.83,-0.87,27.4,-0.86,27.4,8.74,9.08,23.38,75.25,1.39,-73.8,-112.67,48.54,97.21,146.79
STN12.3,ASP01515,23,Feb 17 2022,33.76,33.76,8.27,2.47,2.45,-0.89,27.36,-0.89,27.36,9.01,8.7,19.79,76.38,51.64,-73.8,-112.67,48.54,99.95,146.46
STN12.3,ASP01516,24,Feb 17 2022,33.75,33.75,8.27,2.5,2.47,-0.9,27.35,-0.9,27.35,8.94,8.61,22.33,76.81,51.54,-73.8,-112.67,48.54,99.92,146.14
STN151.2,ASP01517,1,Feb 19 2022,34.51,34.51,7.95,681.48,673.33,0.42,29.33,0.42,29.33,4.75,4.93,-0.01,99.47,0,-73.88,-118.74,50.93,1.92,1611.9
STN151.2,ASP01518,2,Feb 19 2022,34.51,34.51,7.95,681.54,673.39,0.42,29.33,0.42,29.33,4.73,4.93,0,99.48,0,-73.88,-118.74,50.93,1.85,1610.9
STN151.2,ASP01519,3,Feb 19 2022,34.51,34.51,7.95,678.26,670.15,0.41,29.33,0.42,29.33,4.75,4.92,-0.01,99.48,0,-73.88,-118.74,50.93,5.11,1610.2
STN151.2,ASP01520,4,Feb 19 2022,34.51,34.51,7.95,678.43,670.33,0.41,29.33,0.42,29.33,4.74,4.92,-0.01,99.48,0,-73.88,-118.74,50.93,4.97,1609.6
STN151.2,ASP01521,5,Feb 19 2022,34.51,34.51,7.95,676.33,668.25,0.41,29.33,0.42,29.33,4.73,4.92,0,99.47,0,-73.88,-118.74,50.93,7.06,1610.6
STN151.2,ASP01522,6,Feb 19 2022,34.51,34.51,7.95,676.26,668.18,0.41,29.33,0.42,29.33,4.73,4.92,-0.01,99.47,0,-73.88,-118.74,50.93,7.05,1611
STN151.2,ASP01523,7,Feb 19 2022,34.49,34.49,7.97,607.14,599.98,0.32,29.2,0.33,29.2,4.77,4.96,0,99.46,0,-73.88,-118.74,50.93,77.16,1608.9
STN151.2,ASP01524,8,Feb 19 2022,34.49,34.49,7.97,607.19,600.03,0.32,29.2,0.33,29.2,4.79,4.96,0,99.46,0,-73.88,-118.74,50.93,77.1,1610
STN151.2,ASP01525,9,Feb 19 2022,34.41,34.4,8.03,546.08,539.72,0.05,28.88,0.04,28.87,4.91,5.12,-0.01,99.42,0,-73.88,-118.74,50.94,99.81,1606.4
STN151.2,ASP01526,10,Feb 19 2022,34.41,34.41,8.03,545.9,539.55,0.05,28.89,0.05,28.88,4.92,5.11,0,99.41,0,-73.88,-118.74,50.94,99.81,1606.5
STN151.2,ASP01527,11,Feb 19 2022,34.31,34.31,8.11,505.48,499.65,-0.3,28.49,-0.29,28.5,5.1,5.29,0,99.37,0,-73.88,-118.74,50.94,99.81,1605.9
STN151.2,ASP01528,12,Feb 19 2022,34.31,34.31,8.11,505.58,499.74,-0.3,28.49,-0.3,28.49,5.1,5.28,-0.01,99.36,0,-73.88,-118.74,50.94,99.82,1606
STN151.2,ASP01529,13,Feb 19 2022,34.22,34.22,8.19,454.97,449.78,-0.62,28.14,-0.62,28.14,5.28,5.48,0,99.33,0,-73.88,-118.74,50.94,99.82,1603.4
STN151.2,ASP01530,14,Feb 19 2022,34.22,34.22,8.19,455.08,449.88,-0.62,28.14,-0.62,28.14,5.27,5.47,0.01,99.32,0,-73.88,-118.74,50.94,99.82,1603.5
STN151.2,ASP01531,15,Feb 19 2022,34.16,34.15,8.28,404.71,400.14,-1.05,27.7,-1.05,27.7,5.63,5.85,0,99.41,0,-73.88,-118.74,50.94,92.44,1600.3
STN151.2,ASP01532,16,Feb 19 2022,34.15,34.16,8.29,404.55,399.98,-1.06,27.7,-1.04,27.71,5.71,5.85,0,99.38,0,-73.88,-118.74,50.94,99.83,1599.9
STN151.2,ASP01533,17,Feb 19 2022,34.07,34.07,8.41,353.83,349.87,-1.58,27.18,-1.58,27.18,6.11,6.33,0.01,99.44,0,-73.88,-118.74,50.94,98.17,1598.1
STN151.2,ASP01534,18,Feb 19 2022,34.07,34.07,8.41,353.89,349.94,-1.58,27.18,-1.58,27.18,6.11,6.33,0,99.42,0,-73.88,-118.74,50.94,99.84,1598.3
STN151.2,ASP01535,19,Feb 19 2022,34.05,34.05,8.45,303.2,299.85,-1.75,27.01,-1.75,27.01,6.29,6.51,0.15,99.03,0,-73.88,-118.74,50.94,99.85,1597.1
STN151.2,ASP01536,20,Feb 19 2022,34.05,34.05,8.45,303.25,299.9,-1.75,27.01,-1.75,27.01,6.28,6.51,0.13,99.08,0,-73.88,-118.74,50.94,91.2,1597.3
STN151.2,ASP01537,21,Feb 19 2022,34,34,8.4,176.76,174.86,-1.53,27.09,-1.53,27.09,6.08,6.28,0.74,98.42,0,-73.88,-118.74,50.95,99.84,1593.3
STN151.2,ASP01538,22,Feb 19 2022,33.86,33.86,8.17,100.59,99.52,-0.43,27.87,-0.42,27.87,8.01,8.38,5.73,92.61,0,-73.88,-118.74,50.95,99.66,1591.4
STN151.2,ASP01539,23,Feb 19 2022,33.67,33.66,8.16,2.21,2.19,-0.36,27.74,-0.36,27.73,8.98,8.61,2.4,90.27,816.78,-73.88,-118.74,50.95,99.83,1589.2
STN151.2,ASP01540,24,Feb 19 2022,33.67,33.67,8.16,2.1,2.08,-0.35,27.75,-0.34,27.75,8.97,8.61,2.86,89.86,876.93,-73.88,-118.74,50.95,99.83,1588.8
STN174,ASP01541,1,Feb 20 2022,34.46,34.46,8.01,627.62,620.2,0.13,29.02,0.13,29.02,4.85,4.97,0.75,96.82,0,-73.73,-116.85,51.85,1.36,252.23
STN174,ASP01542,2,Feb 20 2022,34.46,34.46,8.01,627.69,620.27,0.13,29.02,0.13,29.03,4.84,4.97,0.65,96.78,0,-73.73,-116.85,51.85,1.26,252.13
STN174,ASP01543,3,Feb 20 2022,34.46,34.46,8.01,618.43,611.14,0.13,29.02,0.13,29.02,4.84,4.98,0.61,96.63,0,-73.73,-116.85,51.85,10.48,234.42
STN174,ASP01544,4,Feb 20 2022,34.46,34.46,8.01,618.41,611.11,0.13,29.02,0.13,29.02,4.84,4.98,0.56,96.92,0,-73.73,-116.85,51.85,10.41,234.57
STN174,ASP01545,5,Feb 20 2022,34.45,34.45,8.02,607.28,600.13,0.09,28.98,0.09,28.98,4.86,5,0.6,96.75,0,-73.73,-116.85,51.85,21.43,231.84
STN174,ASP01546,6,Feb 20 2022,34.45,34.45,8.02,607.23,600.08,0.09,28.97,0.09,28.97,4.86,5,0.53,96.87,0,-73.73,-116.85,51.85,21.57,234.28
STN174,ASP01547,7,Feb 20 2022,34.38,34.38,8.09,556.39,549.91,-0.24,28.62,-0.24,28.62,5.04,5.18,0.48,96.99,0,-73.73,-116.85,51.85,89.48,234.6
STN174,ASP01548,8,Feb 20 2022,34.38,34.38,8.09,556.53,550.04,-0.24,28.62,-0.23,28.63,5.04,5.17,0.54,96.99,0,-73.73,-116.85,51.85,89.59,234.71
STN174,ASP01549,9,Feb 20 2022,34.36,34.36,8.12,526.03,519.94,-0.34,28.51,-0.34,28.51,5.1,5.25,0.56,96.91,0,-73.73,-116.85,51.86,99.89,268.36
STN174,ASP01550,10,Feb 20 2022,34.36,34.36,8.12,526.37,520.28,-0.34,28.51,-0.34,28.51,5.1,5.25,0.94,96.86,0,-73.73,-116.85,51.86,99.89,269.72
STN174,ASP01551,11,Feb 20 2022,34.31,34.31,8.18,485.55,479.97,-0.63,28.2,-0.62,28.21,5.31,5.46,0.44,97.67,0,-73.73,-116.85,51.86,99.89,225.69
STN174,ASP01552,12,Feb 20 2022,34.31,34.31,8.18,485.6,480.02,-0.64,28.2,-0.63,28.2,5.33,5.47,0.83,97.6,0,-73.73,-116.85,51.86,99.89,224.72
STN174,ASP01553,13,Feb 20 2022,34.18,34.18,8.36,404.03,399.47,-1.39,27.44,-1.39,27.44,5.99,6.16,0.5,97.58,0,-73.73,-116.85,51.86,99.89,231.87
STN174,ASP01554,14,Feb 20 2022,34.18,34.18,8.36,403.92,399.36,-1.39,27.44,-1.39,27.44,5.99,6.16,0.84,97.33,0,-73.73,-116.85,51.86,99.88,229.24
STN174,ASP01555,15,Feb 20 2022,34.14,34.14,8.43,363.98,359.9,-1.69,27.15,-1.68,27.15,6.35,6.51,0.51,97.7,0,-73.73,-116.85,51.86,99.89,222.37
STN174,ASP01556,16,Feb 20 2022,34.14,34.14,8.43,363.91,359.84,-1.69,27.15,-1.69,27.15,6.36,6.54,0.41,97.41,0,-73.73,-116.85,51.86,99.89,221.37
STN174,ASP01557,17,Feb 20 2022,34.11,34.11,8.45,282.82,279.71,-1.77,27.02,-1.77,27.02,6.49,6.68,0.46,97.28,0,-73.73,-116.85,51.86,99.89,227.66
STN174,ASP01558,18,Feb 20 2022,34.11,34.11,8.45,282.97,279.85,-1.77,27.02,-1.77,27.02,6.49,6.68,0.51,97.45,0,-73.73,-116.85,51.86,99.89,229.1
STN174,ASP01559,19,Feb 20 2022,34.08,34.08,8.43,181.8,179.84,-1.7,27.01,-1.7,27.01,6.4,6.59,0.75,96.84,0,-73.73,-116.85,51.86,99.88,252.02
STN174,ASP01560,20,Feb 20 2022,34.08,34.07,8.43,181.81,179.85,-1.7,27.01,-1.7,27.01,6.4,6.59,0.61,96.99,0,-73.73,-116.85,51.86,90.96,252.52
STN174,ASP01561,21,Feb 20 2022,33.92,33.93,8.17,81.08,80.22,-0.47,27.87,-0.47,27.87,7.77,7.99,3.93,92.18,0,-73.73,-116.85,51.87,99.69,244.25
STN174,ASP01562,22,Feb 20 2022,33.71,33.71,8.08,2.94,2.91,0.01,28.08,0.02,28.08,8.65,8.36,7.64,87.97,107.13,-73.73,-116.85,51.87,5.3,252.99
STN174,ASP01563,23,Feb 20 2022,33.71,33.71,8.08,2.92,2.89,0.01,28.08,0.02,28.08,8.65,8.36,6.96,88.52,104.82,-73.73,-116.85,51.87,33.97,254.43
STN174,ASP01564,24,Feb 20 2022,33.71,33.71,8.08,3,2.97,0.01,28.08,0.02,28.08,8.67,8.36,5.91,87.89,103.23,-73.73,-116.85,51.87,1.35,254.97
STN181,ASP01565,1,Feb 21 2022,34.57,34.56,7.92,766.7,757.39,0.57,29.54,0.57,29.54,4.53,4.66,1.57,95.72,0,-73.42,-114.21,52.72,3.19,560.27
STN181,ASP01566,2,Feb 21 2022,34.54,34.54,7.93,708.57,700.07,0.5,29.44,0.5,29.44,4.66,4.78,0.2,98.51,0,-73.42,-114.21,52.73,62.05,555.31
STN181,ASP01567,3,Feb 21 2022,34.53,34.52,7.95,657.89,650.07,0.43,29.34,0.43,29.34,4.72,4.84,0.15,98.6,0,-73.42,-114.21,52.73,99.82,586.79
STN181,ASP01568,4,Feb 21 2022,34.45,34.45,8.03,607.22,600.08,0.05,28.94,0.07,28.96,4.89,5,0.18,98.37,0,-73.42,-114.21,52.73,76.58,614.09
STN181,ASP01569,5,Feb 21 2022,34.39,34.39,8.06,556.17,549.69,-0.08,28.77,-0.07,28.77,4.94,5.08,0.29,98.13,0,-73.42,-114.21,52.73,99.82,625.93
STN181,ASP01570,6,Feb 21 2022,34.32,34.32,8.13,505.58,499.75,-0.37,28.44,-0.35,28.45,5.13,5.26,0.35,98.05,0,-73.42,-114.21,52.73,99.83,594.31
STN181,ASP01571,7,Feb 21 2022,34.27,34.27,8.17,455.12,449.93,-0.56,28.23,-0.54,28.24,5.25,5.39,0.6,98.02,0,-73.42,-114.21,52.73,99.83,569.19
STN181,ASP01572,8,Feb 21 2022,34.23,34.22,8.19,404.74,400.17,-0.62,28.12,-0.62,28.11,5.25,5.4,0.21,98.12,0,-73.42,-114.21,52.73,99.16,548.83
STN181,ASP01573,9,Feb 21 2022,34.11,34.11,8.43,344.01,340.18,-1.69,27.11,-1.69,27.11,6.49,6.68,0.54,96.94,0,-73.42,-114.21,52.73,99.84,534.19
STN181,ASP01574,10,Feb 21 2022,34.11,34.11,8.43,344.05,340.22,-1.69,27.11,-1.69,27.11,6.53,6.71,0.74,97.09,0,-73.42,-114.21,52.73,97.7,534.15
STN181,ASP01575,11,Feb 21 2022,34.08,34.07,8.4,303.42,300.07,-1.56,27.18,-1.56,27.18,6.41,6.63,0.74,96.87,0,-73.42,-114.21,52.74,97.65,548.15
STN181,ASP01576,12,Feb 21 2022,34.03,34.03,8.34,242.59,239.95,-1.26,27.36,-1.26,27.36,5.82,5.99,1.65,97.13,0,-73.42,-114.21,52.74,99.84,539.15
STN181,ASP01577,13,Feb 21 2022,33.98,33.98,8.38,202.19,200.01,-1.42,27.18,-1.42,27.18,6.18,6.36,3.28,94.68,0,-73.42,-114.21,52.74,97.36,503.68
STN181,ASP01578,14,Feb 21 2022,33.92,33.92,8.37,151.75,150.13,-1.38,27.15,-1.37,27.15,5.78,5.95,2.41,93.79,0,-73.42,-114.21,52.74,99.74,471.01
STN181,ASP01579,15,Feb 21 2022,33.83,33.83,8.36,100.88,99.81,-1.31,27.11,-1.31,27.11,6.79,7,8.62,86.75,0,-73.42,-114.21,52.74,99.46,371.57
STN181,ASP01580,16,Feb 21 2022,33.78,33.78,8.35,75.28,74.49,-1.25,27.12,-1.25,27.12,7.9,8.22,10.57,84.9,0,-73.42,-114.21,52.74,99.71,360.42
STN181,ASP01581,17,Feb 21 2022,33.76,33.76,8.36,50.76,50.23,-1.29,27.06,-1.28,27.06,8.56,8.83,17.44,83.26,0,-73.42,-114.21,52.74,99.73,368.33
STN181,ASP01582,18,Feb 21 2022,33.76,33.75,8.36,24.8,24.54,-1.3,27.04,-1.3,27.04,8.6,8.88,14.4,83.33,0.88,-73.42,-114.21,52.74,99.71,377.48
STN181,ASP01583,19,Feb 21 2022,33.75,33.75,8.36,10.2,10.09,-1.27,27.05,-1.27,27.05,8.73,9.01,17.09,84.86,21.54,-73.42,-114.21,52.75,96.99,386.68
STN181,ASP01584,20,Feb 21 2022,33.75,33.75,8.35,2.41,2.38,-1.26,27.06,-1.26,27.06,8.73,8.31,11.46,83.78,166.21,-73.42,-114.21,52.75,99.45,399.2
STN181,ASP01585,21,Feb 21 2022,33.75,33.75,8.36,2.38,2.35,-1.27,27.05,-1.27,27.05,8.72,8.29,11.83,82.98,167.56,-73.42,-114.21,52.75,99.51,402.12
STN198,ASP01597,1,Feb 25 2022,34.71,34.71,7.91,1507.37,1486.56,0.58,29.97,0.57,29.97,4.69,4.8,-0.01,99.58,0,-72,-119.4,56.04,10.19,1270.4
STN198,ASP01598,2,Feb 25 2022,34.71,34.71,7.91,1507.29,1486.48,0.57,29.97,0.57,29.97,4.69,4.8,0,99.59,0,-72,-119.4,56.04,10.26,1274.5
STN198,ASP01599,3,Feb 25 2022,34.72,34.72,7.83,1012.8,999.99,0.96,30.11,0.97,30.11,4.55,4.67,-0.01,99.81,0,-72,-119.4,56.05,99.82,1316.8
STN198,ASP01600,4,Feb 25 2022,34.72,34.72,7.83,1012.68,999.88,0.96,30.11,0.97,30.11,4.55,4.67,-0.01,99.83,0,-72,-119.4,56.05,99.82,1103.9
STN198,ASP01601,5,Feb 25 2022,34.72,34.72,7.78,759.6,750.45,1.19,30.19,1.19,30.19,4.45,4.57,-0.01,99.79,0,-72,-119.4,56.06,99.83,1263.5
STN198,ASP01602,6,Feb 25 2022,34.72,34.72,7.78,759.82,750.66,1.19,30.19,1.19,30.19,4.45,4.57,0,99.78,0,-72,-119.4,56.06,99.83,1265.8
STN198,ASP01603,7,Feb 25 2022,34.72,34.72,7.72,505.53,499.74,1.49,30.34,1.49,30.34,4.29,4.41,0.01,99.68,0,-72,-119.4,56.06,99.84,353.44
STN198,ASP01604,8,Feb 25 2022,34.72,34.72,7.72,505.76,499.97,1.49,30.34,1.49,30.34,4.29,4.41,0.01,99.64,0,-72,-119.4,56.06,97.58,356.32
STN198,ASP01605,9,Feb 25 2022,34.71,34.71,7.69,379.74,375.51,1.65,30.42,1.66,30.42,4.17,4.29,0.06,98.77,0,-72,-119.4,56.06,76.78,1142.6
STN198,ASP01606,10,Feb 25 2022,34.71,34.71,7.69,379.78,375.54,1.65,30.42,1.66,30.42,4.17,4.29,0.06,99.55,0,-72,-119.4,56.06,99.84,1138.7
STN198,ASP01607,11,Feb 25 2022,34.56,34.54,7.85,303.51,300.18,0.88,29.59,0.88,29.59,4.5,4.61,0.16,99,0,-72,-119.4,56.06,93.54,1113.5
STN198,ASP01608,12,Feb 25 2022,34.55,34.56,7.85,303.42,300.09,0.9,29.61,0.88,29.6,4.5,4.65,0.15,99.08,0,-72,-119.4,56.06,99.84,1051.1
STN198,ASP01609,13,Feb 25 2022,34.17,34.18,8.35,201.96,199.8,-1.34,27.38,-1.28,27.44,6.06,6.24,0.25,98.95,0,-72,-119.4,56.07,99.84,1146
STN198,ASP01610,14,Feb 25 2022,34.17,34.17,8.34,201.88,199.72,-1.32,27.4,-1.32,27.4,6.05,6.23,0.37,98.85,0,-72,-119.4,56.07,99.32,1152.9
STN198,ASP01611,15,Feb 25 2022,34.12,34.12,8.43,151.47,149.86,-1.69,27.03,-1.69,27.03,6.42,6.61,0.49,98.78,0,-72,-119.4,56.07,99.85,1168.8
STN198,ASP01612,16,Feb 25 2022,34.12,34.12,8.43,151.46,149.86,-1.69,27.03,-1.69,27.03,6.43,6.61,0.31,98.81,0,-72,-119.4,56.07,96.61,1152.9
STN198,ASP01613,17,Feb 25 2022,34.1,34.1,8.43,101.05,100,-1.71,26.98,-1.7,26.98,6.5,6.68,0.37,98.62,0,-72,-119.4,56.07,99.85,686.8
STN198,ASP01614,18,Feb 25 2022,34.1,34.1,8.43,101.07,100.01,-1.71,26.98,-1.7,26.98,6.49,6.68,0.35,98.61,0,-72,-119.4,56.07,99.85,858.2
STN198,ASP01615,19,Feb 25 2022,33.94,33.96,8.43,50.44,49.92,-1.65,26.89,-1.66,26.89,6.84,7.03,1.21,96.91,0.02,-72,-119.4,56.07,89.2,478.06
STN198,ASP01616,20,Feb 25 2022,33.92,33.93,8.43,50.47,49.95,-1.64,26.89,-1.64,26.89,6.91,7.04,1.89,96.76,0.01,-72,-119.4,56.07,99.84,484.36
STN198,ASP01617,21,Feb 25 2022,33.24,33.32,8.34,20.18,19.97,-1.06,26.85,-1.13,26.85,8.32,8.61,9.26,87.79,6.28,-72,-119.4,56.07,99.49,1210.1
STN198,ASP01618,22,Feb 25 2022,33.29,33.26,8.35,20.18,19.97,-1.11,26.85,-1.08,26.85,8.36,8.57,7.88,87.95,6.09,-72,-119.4,56.07,92.9,1211.7
STN198,ASP01619,23,Feb 25 2022,32.85,32.86,8.32,3.45,3.41,-0.85,26.72,-0.84,26.74,8.82,8.56,8.77,83.73,306.81,-72,-119.4,56.07,60.47,1183.1
STN198,ASP01620,24,Feb 25 2022,32.85,32.85,8.32,3.53,3.5,-0.85,26.72,-0.85,26.72,8.82,8.57,8.31,84.13,290.31,-72,-119.4,56.07,62.7,1186