"","STN002.517.pre.poly.3.LG","STN004.555.pre.poly.3.LG","STN012.730.pre.poly.3.LG","STN014.580.pre.poly.3.LG","STN014.700.pre.poly.3.LG","STN014.860.pre.poly.3.LG","STN089.1271.pre.poly.3.LG","STN115.730.pre.poly.3.S","STN12.3.732.pre.poly.3.S","STN151.2.600.pre.poly.3.S","STN151.2.673.pre.poly.3.S","STN174.620.pre.poly.3.S","STN181.757.pre.poly.3.S","STN20.499.pre.poly.3.LG","STN22.610.pre.poly.3.LG"
"Seq1",0.113211777013899,0.040282033736947,0.381931015874444,0.618541465355539,0.423176823176823,0.422936692078223,0.621640735502122,0.212843833185448,0.137839652309106,0.448499955488293,0.714830846337852,0.0404246631278073,0.0291047771979125,0.460098453858421,0.630889837465113
"Seq3",0.0109849050963981,0.00139826852705798,0.0217205558303728,0.0117660433126812,0.0115884115884116,0.0111368909512761,0.00207743988684583,0.0336623779946761,0.069078831136709,0.02359120448678,0.00717621596992824,0.0382298897509187,0.153017529773853,0.01664008874714,0.0057051387292727
"Seq4",0.00175609027051263,0.00235028114122512,0.0156046229257544,0.00835559597567214,0.0157842157842158,0.0181637388133908,0.0107850070721358,0.0202417923691216,0.0113423553938023,0.0211430606249444,0.0116755894748832,0.00331768068599428,0.00428208216245149,0.0171254246689316,0.0138318831062223
"Seq5",0.00541772530264534,0.000595007883854461,0.00845437783873724,0.0161996248507929,0.0126873126873127,0.0101425256877693,0,0.0164707187222715,0.0205646443588566,0.00431763553814653,0.0050404374074496,0.0710494079216007,0.0296400374682189,0.0128267350759204,0.001559678213758
"Seq6",0.00941563293976984,0.00130901734447981,0.0136709088456177,0.0111407946342295,0.00949050949050949,0.00835266821345708,0.00132602545968883,0.0254547471162378,0.0797498321614077,0.0166473782604825,0.00412917188745871,0.0712535728868926,0.17837548507962,0.00818137696734383,0.00135445739615827
"Seq7",0.000560454341652967,0.00107101419093803,0.00296802626253541,0.00335360654805889,0.0040959040959041,0.00298309579052038,0,0.00232919254658385,0.00187272534539416,0.00222558532894151,0.00193643922998064,0.00102082482645978,0.000535260270306436,0.00547736254593358,0.00262682646527664
"Seq16",0.148894036765805,0.536845863207687,0.0205513333633134,0,0,0,0.00402227722772277,0.00166370896184561,0,0,0,0,0,0,0
"Seq17",0.0149454491107458,0.00264778508315235,0.020731213742861,0.0237026089922128,0.0151848151848152,0.0222074908849851,0.00145862800565771,0.0367125110913931,0.0424366630154411,0.00796759547761061,0.00321790636746782,0.254134340547162,0.0546634551050448,0.0158774180128961,0.00225742899359711
"Seq19",0.00067254520998356,0.000892511825781692,0.00382245806538652,0.00233047234695618,0.0037962037962038,0.00464037122969838,0.000707213578500707,0.00388198757763975,0.00293275855976821,0.00356093652630642,0.00256293427497437,0.00051041241322989,0.000334537668941523,0.00547736254593358,0.00303726810047611
"Seq25",0,0,0.00575617214552323,0,0,0.00603248259860789,0,0.0144742679680568,0.0136390940249461,0.00409507700525238,0,0.0164352797060025,0.00461661983139301,0,0
"Seq33",0.0010461814377522,0,0.00188874398524981,0.00164838287955437,0.0012987012987013,0,0,0.00449201419698314,0.00243807639306032,0.000845722424997774,0.000626495044993735,0.00142915475704369,0.001538873277131,0.002496013312071,0.000533574125759317
"Seq34",0,0.000267753547734507,0.00175383370058911,0.00142101972375377,0.002997002997003,0,0.000928217821782178,0.0031055900621118,0.00183739090491502,0.0029377726342028,0.00210730151497893,0,0,0.001664008874714,0
"Seq37",0.000560454341652967,0.000327254336119954,0.00638575347393983,0.00227363155800602,0.0035964035964036,0.00483924428239974,0.00636492220650637,0.00798580301685892,0.00551217271474506,0.00409507700525238,0.00190796218248092,0.00673744385463454,0.00247557875016727,0.00388268737433266,0.00357084222623543
"Seq38",0,0,0,0,0,0,0,0,0,0,0.000113908189998861,0,0,0,0
"Seq39",0,0,0.00139407294149391,0.00102313420110271,0,0.00132582035134239,0.00101661951909477,0.00216282165039929,0.00187272534539416,0.00249265556841449,0.00113908189998861,0.000306247447937934,0,0.00173334257782708,0.00151863405023806
"Seq40",0.332760424450755,0.0365929848570494,0.0129513873274273,0.00346728812595919,0.00999000999000999,0.0274444812727875,0,0,0,0,0,0,0,0.00422935588989808,0.00718272861599081
"Seq43",0.0289568076520699,0.0151132002499033,0.00939874983136214,0.00238731313590633,0.0118881118881119,0.0170367915147498,0.0099451909476662,0.0123114463176575,0.027207519168934,0.00823466571708359,0.00162319170748377,0.0159248672927726,0.0365315134484143,0.00533869513970741,0.000820883270398949
"Seq52",0,0,0.00215856455457121,0.00147786051270392,0.0032967032967033,0.00185614849187935,0,0.00232919254658385,0.00176672202395675,0.00231460874209917,0.000996696662490033,0.000663536137198857,0,0.00214934479650558,0.00127236906911837
"Seq54",0,0,0.000404730853982102,0.000568407889501506,0,0,0,0.000388198757763975,0.00049468216670789,0.000534140478945963,0.000512586854994874,0.00102082482645978,0.000869797939247959,0.00131734035914858,0.000369397471679527
"Seq57",0.00818263338813331,0.00437330794633029,0.00427215901425552,0.00267151708065708,0.00679320679320679,0.0116672190918131,0.00318246110325318,0.004547471162378,0.00593618600049468,0.00178046826315321,0.00370201617496298,0.00847284605961617,0.00214104108122575,0.00734937252998683,0.0049252996223937
"Seq58",0.00500672545209984,0.00113051497932348,0.014435400458695,0.0233047234695618,0.0173826173826174,0.0163738813390786,0.0115364214992928,0.0620563442768412,0.0881240945549627,0.0302234487670257,0.0226677298097733,0.0393017558187015,0.0117088184129533,0.0192054357623241,0.0174848136594976
"Seq61",0.000224181736661187,0,0.000854431802851104,0.000284203944750753,0.0003996003996004,0.00112694729864103,0,0.00299467613132209,0.00098936433341578,0.000623163892103623,0.000227816379997722,0.000306247447937934,0.000535260270306436,0.000277334812452333,0.000246264981119685
"Seq62",0.0027275444627111,0.00101151340255258,0.00256329540855331,0.00102313420110271,0.000699300699300699,0.00444149817699702,0.0015470297029703,0.00133096716947649,0.00257941415497686,0.000934745838155435,0.00250598017997494,0.0123009391588403,0.00381372942593336,0.00346668515565416,0.00418650467903464
"Seq66",0,5.95007883854461e-05,0.000269820569321401,0,0.0004995004995005,0.000464037122969838,0,0.000221827861579414,0,0,0.000142385237498576,0,0.000133815067576609,0.000693337031130833,0
"Seq71",0.00351218054102526,0.00104126379674531,0.00845437783873724,0.0117660433126812,0.00679320679320679,0.00550215445807093,0,0.0135314995563443,0.0132857496201548,0.00289326092762396,0.00207882446747921,0.00627807268272764,0.00836344172353807,0.0101920543576232,0
"Seq78",0.0524585263787177,0.178561865944724,0.000584611233529703,0,0,0,0.000397807637906648,0.000554569653948536,0.00063601992862443,0,0.000398678664996013,0.000867701102490813,0.00167268834470761,0.000970671843583166,0
"Seq81",0.000934090569421611,0,0,0,0,0,0,0.000554569653948536,0.00265008303593513,0.0139766758657527,0.0110775714773892,0.0467537770518579,0.0629599892947946,0,0
"Seq90",0.000410999850545509,0.000208252759349061,0.00148401313126771,0.00818507360882169,0.003996003996004,0.0030493868080875,0.00190063649222065,0.00953859804791482,0.0219426875375428,0.00431763553814653,0.00310399817746896,0.028021641486321,0.00909942459520942,0.00478402551480275,0.00455590215071417
"Seq91",0.0466671648483037,0.0731264689257133,0.0840041372487296,0.0226226340021599,0.0697302697302697,0.0639708319522705,0.127563649222065,0.143578083407276,0.126179286950991,0.0328941511617555,0.00492652921745073,0.0270518579011842,0.125050180650341,0.0334881786036192,0.0307010343129207
"Seq93",0,0,0,0,0,0,0,0,0,0,0,0,0,0.00180267628094017,0.000985059924478739
"Seq94",0.0016813630249589,0.000714009460625353,0.0220353464945811,0.022281589268459,0.0436563436563437,0.0239310573417302,0.0186527581329562,0.0319432120674357,0.0292922511572029,0.0240808332591472,0.0146372024148536,0.00316455696202532,0.00515188010169945,0.0185120987311932,0.0146938105401412
"Seq95",0.00198027200717382,0.000803260643203522,0.0158744434950758,0.0165406695844938,0.0346653346653347,0.0228704010606563,0.0164869165487977,0.0367679680567879,0.02042330659694,0.0505207869669723,0.0265406082697346,0.000867701102490813,0.00334537668941523,0.0159467517160092,0.0246675422754884
"Seq97",0,0,0,0,0,0,0,0.000277284826974268,0.000176672202395675,0.000445117065788302,0.000199339332498007,0,0,0.000346668515565416,0.000287309144639632
"Seq98",0.00227918098938873,0.0011602653735162,0.0134910284660701,0.00375149207070994,0.010989010989011,0.0101425256877693,0.00159123055162659,0.0402062999112689,0.0410232853962757,0.00689931451971869,0.00125299008998747,0.00714577378521846,0.0636290646326776,0.00367468626499341,0
"Seq101",0,0,0,0,0,0,0,0,0,0.000756699011840114,0,0,0,0.0012480066560355,0
"Seq110",0,0.000148751970963615,0.000629581328416603,0.000227363155800603,0.000699300699300699,0.000928074245939675,0.000397807637906648,0.000499112688553682,0.000388678845270485,0.000890234131576605,0.000541063902494589,0,0,0.0020800110933925,0.000369397471679527
"Seq117",0,0.000654508672239907,0.00350766740117822,0.0140965156596374,0.0117882117882118,0.007756049055353,0.00552510608203678,0.00377107364685004,0.00462881170276669,0.00881331790260839,0.0052397767399476,0.000663536137198857,0.000869797939247959,0.0321708382444706,0.0170333278607782
"Seq123",0,0,0,0,0,0,0.000618811881188119,0.00188553682342502,0.000954029892936645,0,0,0,0,0.00110933924980933,0
"Seq124",0.00160663577940517,0,0.00445203939380312,0,0,0.00258534968511767,0,0.00770851818988465,0.00434613617893361,0.0033828896999911,0.00119603599498804,0.00362392813393222,0.00314465408805031,0.00131734035914858,0
"Seq125",0.00403527125990136,0.000148751970963615,0.00710527499213023,0.00682089467401807,0.00989010989010989,0.00987736161750083,0.0045968882602546,0.00554569653948536,0.013356418501113,0.0175821240986379,0.0072901241599271,0.00117394855042875,0.0014719657433427,0.0158774180128961,0.0272943687407651
"Seq128",0,0,0,0,0,0,0,0,0,0,0.000313247522496867,0,0,0,0.000574618289279264
"Seq130",0.000934090569421611,0.000624758278047184,0.0129064172325404,0.0188143011424999,0.0152847152847153,0.0203513423931057,0.00711633663366337,0.0125332741792369,0.00996431221511607,0.0108608564052346,0.00600865702243991,0.004644752960392,0.00180650341228422,0.0401442141024752,0.0177721228041373
"Seq132",0,0,0.000854431802851104,0.000795771045302109,0.000799200799200799,0,0,0.000388198757763975,0.0007066888095827,0.000311581946051812,0.000313247522496867,0,0,0.0004160022186785,0
"Seq134",0,0,0.00170886360570221,0.00204626840220542,0.0024975024975025,0.00192243950944647,0.000928217821782178,0.00582298136645963,0.00275608635737253,0.00227009703552034,0.000626495044993735,0,0,0.00783470845177841,0.00131341323263832
"Seq137",0.0594081602152145,0.0115134025525838,0.000809461707964204,0,0,0,0,0,0,0,0,0,0,0,0
"Seq142",0,0,0,0.000170522366850452,0,0,0,0,0.00014133776191654,0.000356093652630642,0,0,0,0,0.000205220817599737
"Seq144",0,0,0.000269820569321401,0,0.0004995004995005,0,0.000132602545968883,0.000443655723158829,0.000388678845270485,0,0.000256293427497437,0,0,0.000346668515565416,0
"Seq148",0,0,0,0.000284203944750753,0,0,0,0,0,0,0,0,0,0,0
"Seq153",0.0236511732177552,0.0637550947550055,0.0324234384134551,0,0,0.00543586344050381,0.000132602545968883,0.00116459627329193,0.000600685488145295,0.000979257544734265,0.000370201617496298,0.000255206206614945,0.00234176368259066,0,0
"Seq155",0.000448363473322373,0.000119001576770892,0.00125916265683321,0.00773034729722049,0.00689310689310689,0.00324825986078886,0.00393387553041018,0.0038265306122449,0.00321543408360129,0.00756699011840114,0.00427155712495728,0.000306247447937934,0.000334537668941523,0.00485335921791583,0.0103431292070268
"Seq156",0,0,0,0,0.000699300699300699,0,0.000442008486562942,0,0.00028267552383308,0.000578652185524793,0.000427155712495728,0.000204164965291956,0,0,0
"Seq159",0,0,0,0,0,0,0.000618811881188119,0,0,0,0,0,0,0,0
"Seq160",0.00209236287550441,0,0.000449700948869002,0.000341044733700904,0,0.000729201193238316,0,0.000998225377107365,0.00303876188120561,0.00356093652630642,0.000911265519990887,0.110759493670886,0.0218118560149873,0.000485335921791583,0.000287309144639632
"Seq161",0,0,0,0.000341044733700904,0,0,0,0.000221827861579414,0.000176672202395675,0,0,0,0,0,0
"Seq166",0,0,0.000944371992624904,0.00119365656795316,0,0.000994365263506795,0.00198903818953324,0,0,0,0.00199339332498007,0,0,0.000901338140470083,0.00110819241503858
"Seq167",0,0,0.000224850474434501,0.000170522366850452,0,0,0.000221004243281471,0.000277284826974268,0.000176672202395675,0.000534140478945963,0,0,0,0.000277334812452333,0
"Seq169",0,0,0.000179880379547601,0,0,0,0.000309405940594059,0,0.00028267552383308,0,0.000199339332498007,0,0,0,0
"Seq171",0.000298908982214916,0,0.0010343121823987,0.000397885522651054,0.000699300699300699,0.000530328140536957,8.84016973125884e-05,0.000332741792369122,0.001307374297728,0.000979257544734265,0.000113908189998861,0,0.00394754449350997,0.00131734035914858,0
"Seq180",0.00560454341652967,0.000327254336119954,0.0140306696047129,0.00409253680441085,0.0052947052947053,0.0156446801458402,0.00976838755304102,0.00404835847382431,0.00395745733366312,0.00244814386183566,0.000854311424991457,0,0,0.00762670734243916,0.0141602364143819
"Seq185",0,0,0.000494671043755902,0,0.0004995004995005,0,0.000707213578500707,0.000443655723158829,0.000176672202395675,0.000356093652630642,0,0,0,0,0.000615662452799212
"Seq187",0,0.000416505518698123,0.00818455726941584,0.00892400386517365,0.0123876123876124,0.0113357640039775,0.00442008486562942,0.0046583850931677,0.00752623582205576,0.00445117065788302,0.00276227360747238,0.00484891792568395,0.00227485614880235,0.0214241142619427,0.00935806928254802
"Seq188",0.00153190853385144,0,0.000944371992624904,0,0,0,0,0,0,0.00440665895130419,0.000854311424991457,0.0128623928133932,0.00756055131807842,0,0
"Seq189",0,0,0.000179880379547601,0,0,0,0,0,7.066888095827e-05,0,0,0,0,0,0
"Seq192",0,0,0.000134910284660701,0,0,0,0.00344766619519095,0.015916149068323,0.000812692131020105,0.00200302679604736,0.000768880282492311,0,0.000200722601364914,0,0.000369397471679527
"Seq193",0,0,0,0,0,0,0,0,7.066888095827e-05,0,0.000227816379997722,0,0,0,0.000205220817599737
"Seq195",0,0,0,0,0,0,0,0,0,0,0,0,0,0,0.000205220817599737
"Seq199",0,0,0.000314790664208301,0,0,0,0,0,0,0,0,0,0.000133815067576609,0,0
"Seq205",0.00418472575100882,0.000416505518698123,0.00912892926204074,0.00352412891490934,0.0054945054945055,0.00490553529996685,0.00472949080622348,0.0102595385980479,0.00872760679834635,0.00556396332235378,0.00264836541747352,0.0572172315230706,0.041081225746019,0.00409068848367191,0.00311935642751601
"Seq207",0.0297040801076072,0.0121976616190165,0,0,0,0,0,0,0,0.00133535119736491,0,0.00193956717027358,0.00481734243275793,0,0
"Seq210",0,0,0.000224850474434501,0,0,0,0,0,0,0,0.000170862284998291,0,0,0,0
"Seq215",0.00313854431325661,0,0,0,0,0,0,0.00371561668145519,0.00399279177414226,0.00289326092762396,0,0.00260310330747244,0.00903251706142112,0,0
"Seq217",0.000821999701091018,0,0.00566623195574943,0.00733246177456943,0.0046953046953047,0.00477295326483261,0.000707213578500707,0.0210736468500444,0.0320836719550546,0.00320484287367578,0.000370201617496298,0.00816659861167824,0.0131138766225077,0.00429868959301116,0
"Seq220",0.00067254520998356,0.000624758278047184,0.0114224041012727,0.0112544762121298,0.0185814185814186,0.0162412993039443,0.014276874115983,0.0146960958296362,0.0125083919296138,0.0105047627526039,0.00797357329992027,0.00102082482645978,0.00160578081091931,0.00852804548290924,0.0104252175340667
"Seq221",0,0,0.0010343121823987,0.000454726311601205,0,0.00132582035134239,0,0.00249556344276841,0.00098936433341578,0.00160242143683789,0.00148080646998519,0,0,0.00110933924980933,0
"Seq228",0.000448363473322373,0,0.00139407294149391,0.00136417893480362,0.0020979020979021,0.00192243950944647,0.00106082036775106,0.00232919254658385,0.00197872866683156,0.004718240897356,0.00287618179747124,0.00546141282155982,0.00207413354743744,0.00346668515565416,0.000615662452799212
"Seq235",0,0,0.000674551423303503,0.00386517364861024,0.0020979020979021,0.00291680477295327,0.00128182461103253,0.000720940550133097,0.0007066888095827,0.00596456868156325,0.00338876865246611,0.000663536137198857,0,0.00263468071829716,0.00472007880479396
"Seq241",0,0,0,0,0,0,0,0,0,0.000890234131576605,0,0,0.00475043489896962,0,0
"Seq244",0.000821999701091018,0,0.00229347483923191,0,0.002997002997003,0.00198873052701359,0.00556930693069307,0.00133096716947649,0.00155471538108194,0,0.000825834377491742,0.000102082482645978,0,0.00187200998405325,0.00357084222623543
"Seq249",0,0,0.0010343121823987,0.00261467629170693,0.0033966033966034,0.00212131256214783,0.000795615275813296,0.000887311446317658,0.000954029892936645,0.00160242143683789,0.000683449139993166,0.000765618619844835,0.000334537668941523,0.0143520765444082,0.00426859300607454
"Seq253",0.00119563592885966,0,0.00971354049557045,0.00613880520661627,0.010989010989011,0.0101425256877693,0.00658592644978784,0.00737577639751553,0.0055475071552242,0.0400160242143684,0.0116755894748832,0.00592078399346672,0.00247557875016727,0.00908271510781391,0.00488425545887375
"Seq255",0,0,0,0.000568407889501506,0.000699300699300699,0,0.000618811881188119,0,0.000106003321437405,0.000445117065788302,0.000370201617496298,0,0,0.000693337031130833,0.000451485798719422
"Seq257",0,0,0,0,0,0,0.000221004243281471,0,0,0,0,0,0,0,0
"Seq258",0.00302645344492602,0,0.00638575347393983,0.00233047234695618,0.00999000999000999,0.0100762346702022,0.00243104667609618,0.0031055900621118,0.00268541747641426,0.000934745838155435,0.00381592436496184,0.000255206206614945,0.00267630135153218,0.00485335921791583,0.00554096207519291
"Seq260",0,0,0,0,0,0,0,0.000443655723158829,0.000318009964312215,0,0,0,0,0.000346668515565416,0.00032835330815958
"Seq265",0,0,0.000269820569321401,0,0,0.000662910175671197,0,0,0,0,0.000825834377491742,0,0,0,0
"Seq272",0.000784636078314153,0.00148751970963615,0.0152448621666592,0.00926504859887455,0.0201798201798202,0.0161750082863772,0.0060997171145686,0.0135869565217391,0.0110596798699693,0.016513843140746,0.00911265519990887,0.00158227848101266,0.00120433560818948,0.0133814047008251,0.00738794943359054
"Seq283",0.00033627260499178,8.92511825781692e-05,0.0622386113234699,0.00181890524640482,0.0236763236763237,0.0235333112363275,0.000751414427157001,0.000665483584738243,0.00229673863114378,0.000489628772367133,0.000398678664996013,0,0.00100361300682457,0.00485335921791583,0.000902971597438844
"Seq285",0.00160663577940517,0,0.00485677024778522,0,0.00749250749250749,0.00424262512429566,0,0.00854037267080745,0.00604218932193209,0.00244814386183566,0.00410069483995899,0.00209269089424255,0.00642312324367724,0.00214934479650558,0
"Seq290",0.000298908982214916,0.000505756701276292,0.00481180015289832,0.00306940260330813,0.0056943056943057,0.00682797480941332,0.00083981612446959,0.00482475598935226,0.00226140419066464,0.00240363215525683,0.00116755894748832,0.00112290730910576,0,0.0100533869513971,0.00168281070431785
"Seq291",0,0,0,0,0,0,0,0,0.000176672202395675,0,0,0,0,0,0
"Seq298",0.000560454341652967,0,0.00148401313126771,0.00358096970385949,0.0020979020979021,0.00232018561484919,0,0.0201308784383319,0.0183385746086711,0.00115730437104959,0,0.00290935075541037,0.0144520272982738,0.0012480066560355,0
"Seq305",0.00160663577940517,0,0.00161892341592841,0.00210310919115557,0,0.00384487901889294,0.0038012729844413,0.00133096716947649,0.00219073530970637,0.00169144484999555,0.00159471465998405,0.000459371171906901,0.000334537668941523,0.00173334257782708,0.00447381382367427
"Seq308",0,0,0.00224850474434501,0.00545671573921446,0.0052947052947053,0.00490553529996685,0.00707213578500707,0.0038265306122449,0.00208473198826897,0.0111279266447076,0.00640733568743593,0.000663536137198857,0.000133815067576609,0.00513069403036816,0.0064028895091118
"Seq314",0.000261545359438051,0.000267753547734507,0.00616090299950533,0.00562723810606491,0.0115884115884116,0.00795492210805436,0.0038012729844413,0.00720940550133097,0.00674887813151479,0.0151784919433811,0.0103941223373961,0.00158227848101266,0.00127124314197779,0.00845871177979616,0.00435068133311443
"Seq323",0.000261545359438051,0.000446255912890846,0.00831946755407654,0.00289888023645768,0.0048951048951049,0.00497182631753397,0.00278465346534653,0.00643300798580302,0.00650153704816084,0.00222558532894151,0.000711926187492881,0,0.000802890405459655,0.00526936143659433,0.00266787062879659
"Seq350",0,0,0,0,0.0017982017982018,0,0,0,0.000600685488145295,0.000667675598682453,0,0,0,0,0
"Seq355",0,0,0.000269820569321401,0.000341044733700904,0.000599400599400599,0,0.000442008486562942,0.000388198757763975,0.000247341083353945,0,0.000455632759995444,0,0,0.000762670734243916,0
"Seq356",0.0162905395307129,0.000714009460625353,0,0,0,0,0,0,0,0.00129083949078608,0,0,0.00127124314197779,0,0
"Seq359",0.000186818113884322,0,0,0,0.0001998001998002,0,8.84016973125884e-05,0.00138642413487134,0.000954029892936645,0.00120181607762842,0.000968219614990318,0.0022968558595345,0.0113742807440118,0,0
"Seq360",0,0,0,0.00130733814585346,0,0,0,0,0,0,0,0,0,0,0
"Seq369",0,0,0.000494671043755902,0.00284203944750753,0,0.00218760357971495,0.000353606789250354,0.00077639751552795,0.000954029892936645,0.00271521410130864,0.00122451304248775,0,0,0.00270401442141025,0.00311935642751601
"Seq371",0.000261545359438051,0.000178502365156338,0.00269820569321401,0.00358096970385949,0.0046953046953047,0.00397746105402718,0.00287305516265912,0.00183007985803017,0.0021200664287481,0.00324935458025461,0.0020503474199795,0,0.000267630135153218,0.00256534701518408,0.00295517977343622
"Seq380",7.47272455537289e-05,0.000178502365156338,0.00256329540855331,0.00227363155800602,0.0034965034965035,0.00271793172025191,0.00256364922206506,0.00249556344276841,0.00134270873820713,0.00649870916050921,0.00367353912746326,0.000969783585136791,0,0.00318935034320183,0.00361188638975538
"Seq386",0,0,0,0,0,0,0.000221004243281471,0,0.000247341083353945,0.000222558532894151,0,0,0,0,0
"Seq387",0,0,0,0,0,0,0.000132602545968883,0,0,0.000267070239472981,0,0,0,0.00020800110933925,0
"Seq401",0,0,0,0.000170522366850452,0,0,0,0.000277284826974268,0,0,0,0.000561453654552879,0,0.0004160022186785,0
"Seq407",0.000186818113884322,0,0.00179880379547601,0.00181890524640482,0.0027972027972028,0.00212131256214783,0.00318246110325318,0.00199645075421473,0.00176672202395675,0.00565298673551144,0.00324638341496754,0.000255206206614945,0,0.00194134368716633,0.00258578230175669
"Seq420",0,8.92511825781692e-05,0.00472185996312452,0.00289888023645768,0.00699300699300699,0.00490553529996685,0.00335926449787836,0.00266193433895297,0.00173138758347762,0.00498531113682899,0.00330333750996697,0.00239893834218048,0.000133815067576609,0.00318935034320183,0.00340666557215564
"Seq425",0,0,0,0,0,0.000530328140536957,0,0.00110913930789707,0.00166071870251935,0.0014688863171014,0,0.0060228664761127,0.00936705473036264,0,0
"Seq427",0,0,0.000764491613077304,0,0,0.00205502154458071,0.00243104667609618,0.00249556344276841,0.00222606975018551,0.000534140478945963,0.000825834377491742,0,0.000401445202729827,0,0.00225742899359711
"Seq441",0,0,0,0.00227363155800602,0,0.00291680477295327,0,0,0,0,0,0,0,0.00693337031130833,0.00229847315711706
"Seq444",0,0,0,0,0.0002997002997003,0,0,0,0.000106003321437405,0,0,0,0,0,0.000123132490559842
"Seq447",0,0,0,0,0,0,0,0,0,0.000222558532894151,0,0.000102082482645978,0,0,0
"Seq449",0,0,0,0,0,0,0.00123762376237624,0.00194099378881988,0.00021200664287481,0,0.00059801799749402,0.000714577378521846,0,0,0
"Seq452",0.00033627260499178,8.92511825781692e-05,0.00197868417502361,0.00255783550275678,0.00559440559440559,0.0047066622472655,0.000795615275813296,0.00205190771960958,0.00187272534539416,0.00632066233419389,0.00532520788244675,0.00148019599836668,0,0.00443735699923733,0.00480216713183385
"Seq476",0.0137498131818861,0.0011602653735162,0.00134910284660701,0,0,0.00139211136890951,0,0,0,0,0,0,0,0,0.000369397471679527
"Seq479",0.00033627260499178,0,0.00215856455457121,0,0.000999000999000999,0.00145840238647663,0.000884016973125884,0.00244010647737356,0.00176672202395675,0.00182497996973204,0.000740403234992596,0.00535933033891384,0.0114411882778001,0.00159467517160092,0.000246264981119685
"Seq482",0.000149454491107458,0,0.00121419256194631,0.000852611834252259,0.0021978021978022,0.00159098442161087,0.00083981612446959,0.000720940550133097,0.00084802657149924,0.00498531113682899,0.00304704408246953,0.000663536137198857,0,0.00201067739027941,0.00233951732063701
"Seq509",0.000410999850545509,0,0,0.000341044733700904,0,0,0,0.000388198757763975,0.00028267552383308,0.000445117065788302,0.000113908189998861,0.00316455696202532,0.00100361300682457,0,0
"Seq511",0.000560454341652967,0.000119001576770892,0.00215856455457121,0.00187574603535497,0.0031968031968032,0.00172356645674511,0.00481789250353607,0.00249556344276841,0.00123670541676973,0.00356093652630642,0.00145232942248548,0,0,0.00339735145254108,0.00299622393695616
"Seq516",0,0.000357004730312677,0.000539641138642803,0.00125049735690331,0.0022977022977023,0.00125952933377527,0,0.000942768411712511,0,0,0.000398678664996013,0,0,0.00318935034320183,0.00123132490559842
"Seq521",0,0,0,0,0,0,0,0,0,0,0,0,0,0.000901338140470083,0.000820883270398949
"Seq545",0.000149454491107458,0,0.00143904303638081,0.00215994998010572,0.0021978021978022,0.00192243950944647,0.00119342291371994,0.000720940550133097,0.0014133776191654,0.00689931451971869,0.00170862284998291,0.000714577378521846,0.000802890405459655,0.0029120155307495,0.00172385486783779
"Seq558",0,0,0,0,0,0,0,0,0,0,0,0.00239893834218048,0,0,0
"Seq563",0,0,0.000134910284660701,0,0,0,0,0,0,0,0,0,0,0,0
"Seq565",0,0,0,0,0,0,0.00185643564356436,0.000831854480922804,0,0,0.000341724569996583,0,0.000602167804094741,0.00173334257782708,0.00143654572319816
"Seq574",0.000373636227768644,0,0.0010343121823987,0.000341044733700904,0,0.000530328140536957,0.000442008486562942,0.000499112688553682,0.00035334440479135,0,0,0,0,0.000624003328017749,0.000738794943359054
"Seq589",0,0,0,0.000511567100551356,0,0,0,0,0,0,0,0,0,0.000832004437356999,0
"Seq591",0,0,0,0,0,0,0,0,0.00021200664287481,0,0.000113908189998861,0.00316455696202532,0,0,0
"Seq610",0.000485727096099238,0,0,0.00176206445745467,0,0.000795492210805436,0.000486209335219236,0,0.000318009964312215,0,0,0,0,0,0.00180594319487769
"Seq611",0.00033627260499178,0,0.00206862436479741,0.00119365656795316,0.002997002997003,0.00258534968511767,0.00110502121640736,0.00077639751552795,0.00098936433341578,0.000801210718418944,0.000882788472491172,0,0,0.00201067739027941,0.000902971597438844
"Seq615",0,0,0,0,0,0,0,0.000388198757763975,0.00063601992862443,0.00289326092762396,0.000882788472491172,0.000612494895875868,0.00120433560818948,0.000693337031130833,0
"Seq617",7.47272455537289e-05,0,0.000809461707964204,0.000568407889501506,0.0017982017982018,0.00145840238647663,0.000972418670438472,0.00127551020408163,0.00098936433341578,0.000534140478945963,0.000341724569996583,0,0,0.00138667406226167,0.00106714825151863
"Seq618",0,0,0,0,0,0,0,0,0.00063601992862443,0,0,0,0.00107052054061287,0,0
"Seq627",0.000747272455537289,0,0.000989342087511805,0.000738930256351958,0.0012987012987013,0.000928074245939675,0.000707213578500707,0.00166370896184561,0.00077735769054097,0.00284874922104513,0.00119603599498804,0,0,0,0.000615662452799212
"Seq628",0,0,0,0,0.0012987012987013,0.000530328140536957,0,0,0,0.000578652185524793,0,0.000255206206614945,0,0.00235734590584483,0.00114923657855853
"Seq637",0,0,0,0,0,0,0,0,0,0.000222558532894151,0,0.00234789710085749,0.000401445202729827,0,0
"Seq653",0,0,0.000494671043755902,0.000397885522651054,0.000799200799200799,0.00139211136890951,0,0.00061002661934339,0.00021200664287481,0.000756699011840114,0.000341724569996583,0,0,0.000832004437356999,0
"Seq654",0.000261545359438051,0,0.000944371992624904,0,0.0013986013986014,0.000861783228372556,0.00141442715700141,0.000388198757763975,0.00035334440479135,0,0.000341724569996583,0,0.000133815067576609,0,0.00135445739615827
"Seq661",0,0,0,0,0,0.000132582035134239,0,0,0,8.90234131576605e-05,0,0,0,0.00020800110933925,0.00032835330815958
"Seq662",0.000112090868330593,0.000178502365156338,0.00220353464945811,0.000625248678451657,0.0018981018981019,0.00172356645674511,0.00499469589816124,0.000831854480922804,0.000600685488145295,0,0.000427155712495728,0,0.000468352736518132,0.000693337031130833,0.000985059924478739
"Seq683",0,0,0,0,0,0,0,0,0.000388678845270485,0,8.54311424991457e-05,0.000714577378521846,0.0014050582095544,0,0
"Seq695",0.00287699895381856,0,0.00319287673696992,0.000795771045302109,0,0.00278422273781903,0,0.000942768411712511,0.00042401328574962,0.000667675598682453,0.000484109807495159,0,0.000334537668941523,0.00180267628094017,0
"Seq702",0.000373636227768644,0,0.000494671043755902,0,0,0.000397746105402718,0,0,0.00102469877389492,0,0,0,0,0,0
"Seq703",0.000149454491107458,0.000208252759349061,0.00206862436479741,0.000454726311601205,0.0013986013986014,0.00165727543917799,0.00119342291371994,0.00138642413487134,0.00134270873820713,0.00106828095789193,0.000484109807495159,0,0,0.000832004437356999,0.000205220817599737
"Seq708",7.47272455537289e-05,0,0.000899401897738004,0,0.0011988011988012,0.000729201193238316,0,0.0015527950310559,0.00077735769054097,0,0,0,0,0.000277334812452333,0
"Seq736",0.00680017934538933,0.000208252759349061,0,0,0,0.000198873052701359,0.000663012729844413,0.000388198757763975,0.000388678845270485,0.000311581946051812,0,0,0,0,0
"Seq747",0,0,0,0,0,0,0,0.000166370896184561,0,0,0,0.000153123723968967,0.000200722601364914,0,0
"Seq760",0,0,0,0,0,0,0,0,0,0,0,0,0,0.000762670734243916,0
"Seq761",0,0,0,0,0,0,0.000132602545968883,0,0,0,0,0,0,0,0
"Seq775",0,0,0,0,0,0,0.000442008486562942,0,0,0,0,0.0108207431604737,0.000669075337883046,0,0
"Seq797",0,0,0,0,0.0002997002997003,0,0.000265205091937765,0,0.000176672202395675,0,0.000142385237498576,0,0,0,0
"Seq816",0,0,0,0,0,0.000397746105402718,0,0.000499112688553682,0,0,0.000113908189998861,0,0,0,0.000205220817599737
"Seq818",0,0,0,0.000511567100551356,0.0003996003996004,0,0,0,0,0,0.000256293427497437,0,0,0,0.000287309144639632
"Seq824",0,0,0,0,0,0,0,0,0,0,0.000142385237498576,0,0,0,0.00032835330815958
"Seq826",0.000112090868330593,0,0.000989342087511805,0.000625248678451657,0.0013986013986014,0.00132582035134239,0.000221004243281471,0.00127551020408163,0,0.000979257544734265,0.000227816379997722,0,0,0.00145600776537475,0
"Seq834",0,0,0,0,0,0,0,0.000277284826974268,0.000459347726228755,0.00137986290394374,0.000313247522496867,0.00331768068599428,0.00454971229760471,0,0
"Seq859",0.000373636227768644,0,0.000224850474434501,0.000511567100551356,0,0,0,0,0,0,0.000484109807495159,0.0022968558595345,0.000602167804094741,0,0.00032835330815958
"Seq860",0,0,0.000629581328416603,0,0.0010989010989011,0.000994365263506795,0,0.000332741792369122,0.0007066888095827,0.000311581946051812,0.000170862284998291,0,0.000468352736518132,0.00020800110933925,0.000533574125759317
"Seq899",0.00478254371543865,0.00029750394192723,0.00188874398524981,0,0,0,0,0,0,0.000445117065788302,0,0.00398121682319314,0.00281011641910879,0,0
"Seq951",0,0,0,0,0,0,0,0,0,0.000311581946051812,0.000170862284998291,0,0,0.000138667406226167,0
"Seq957",0.00287699895381856,0.00029750394192723,0.000854431802851104,0,0,0,0,0,0,0,0,0,0.000267630135153218,0,0
"Seq962",0,0,0,0,0.0002997002997003,0,0,0,0,0,0.000113908189998861,0,0,0,0
"Seq977",0,0,8.99401897738004e-05,0.000227363155800603,0.000999000999000999,0.000464037122969838,0,0.00061002661934339,0.000318009964312215,0.000979257544734265,0,0,0,0.00187200998405325,0.00016417665407979
"Seq985",0,0,0,0,0,0,0,0,0.00102469877389492,0.000311581946051812,0,0,0.000401445202729827,0,0
"Seq988",0,0,0.000314790664208301,0.000284203944750753,0.000599400599400599,0.000397746105402718,0,0,0.000106003321437405,0.000178046826315321,0,0,0,0.0004160022186785,0.000246264981119685
"Seq990",0,0,0.000674551423303503,0,0.0043956043956044,0.00125952933377527,0.000928217821782178,0.000887311446317658,0,0,0,0,0,0.00429868959301116,0
"Seq1013",0,0,0.000494671043755902,0.000795771045302109,0.000599400599400599,0,0.000221004243281471,0.000388198757763975,0.00021200664287481,0,0.000142385237498576,0,0.000334537668941523,0.000138667406226167,0
"Seq1021",0,0,0,0,0,0,0,0,0.00014133776191654,0.000178046826315321,0,0,0,0,0
"Seq1065",0,0,0,0,0,0,0.000353606789250354,0,0,0,0,0.0055634953042058,0.000669075337883046,0,0
"Seq1110",0,0,0,0,0,0,0,0,0,0,0.000284770474997152,0,0,0,0
"Seq1119",0.000261545359438051,0.00029750394192723,0.000719521518190403,0.000284203944750753,0,0.00172356645674511,0.000265205091937765,0.000277284826974268,0.00021200664287481,0,0,0,0,0,0.00016417665407979
"Seq1129",0,0,0,0,0,0,0,0,0,0,0,0.000357288689260923,0,0,0
"Seq1149",0,0,0,0,0,0,0.000265205091937765,0.000221827861579414,0,0.000222558532894151,0.000227816379997722,0.000663536137198857,0,0,0.00106714825151863
"Seq1153",0,0,0,0,0.0001998001998002,0,0,0,0,0,0,0.000204164965291956,0,0,0
"Seq1268",0,0,0,0,0,0,0,0,0,0.000222558532894151,0.000199339332498007,0,0,0,0
"Seq1281",0,0,0,0,0,0,0,0,0,0,0,0.000306247447937934,0,0,0
"Seq1297",0,0,0,0.000568407889501506,0.0002997002997003,0,0.000265205091937765,0,0,0.000178046826315321,0.000227816379997722,0,0,0,0.00032835330815958
"Seq1311",0,0,0,0,0,0,0,0,0.00014133776191654,0,0,0,0,0,0
"Seq1317",0.000373636227768644,0,0,0,0,0.00112694729864103,0,0,0,0,0.000313247522496867,0,0,0,0
"Seq1348",0,0,0,0,0,0,0,0,0,0,0.000284770474997152,0,0,0,0
"Seq1355",0,0,0.000449700948869002,0.000170522366850452,0,0.000331455087835598,0,0.000221827861579414,0,0.000311581946051812,0,0,0,0.000138667406226167,0.000287309144639632
"Seq1364",0,0,0.000674551423303503,0,0,0,0,0.000720940550133097,0,0,0,0,0,0,0
"Seq1386",0,0,0,0,0,0.00106065628107391,0.000132602545968883,0,0,0,5.69540949994305e-05,0,0,0,0.000451485798719422
"Seq1401",0,0,8.99401897738004e-05,0,0,0,0,0.000166370896184561,0,0,0,0,0,0,0.000574618289279264
"Seq1405",0,0,0,0,0,0,0,0,0,0,0.000113908189998861,0,0,0,0
"Seq1430",0,0,0,0,0,0,0,0,0,0,0,0,0,0.00020800110933925,0.000246264981119685
"Seq1456",0,0,0,0,0,0,0,0,0,0.000133535119736491,0,0,0,0,0
"Seq1473",0,0,0,0,0,0,0,0,0,0,0,0,0,0.000970671843583166,0
"Seq1480",0,0,0,0,0,0.000464037122969838,0,0.000110913930789707,0,0,0,0,0,0,0.000410441635199475
"Seq1526",0,0,0,0,0,0,0,0,0,0.000133535119736491,0,0,0,0,0
"Seq1532",0.000224181736661187,0,0.000629581328416603,0,0,0.000397746105402718,0,0,0,0,0,0,0,0.000485335921791583,0.000369397471679527
"Seq1534",0,0,0.000134910284660701,0,0,0,0.000353606789250354,0,0,0,0,0,0,0.000277334812452333,0
"Seq1536",0,0,0,0,0,0,0.000132602545968883,0,0,0,0.000199339332498007,0,0,0,0
"Seq1641",0,0,0,0,0,0,0.000928217821782178,0.000221827861579414,0,0,0,0,0,0,0.00032835330815958
"Seq1648",0,0,0,0,0,0,0,0,0,0,0,0,0,0,0.000287309144639632
"Seq1671",0,0,0,0,0.000599400599400599,0,0,0,0,0,0,0,0,0.000277334812452333,0
"Seq1747",0.000896726946644747,0,0,0,0,0,0,0,0,0,0,0,0,0,0
"Seq1751",0,0,0,0.000284203944750753,0,0.000464037122969838,0.000574611032531825,0,0,0.000222558532894151,0.000142385237498576,0,0,0,0.000451485798719422
"Seq1753",0,0,0,0,0,0,0,0,0,0,0,0,0,0,0.00032835330815958
"Seq1774",0,0,0.000179880379547601,0,0,0.000265164070268479,0.000309405940594059,0,0,0,0.000170862284998291,0,0,0,0
"Seq1874",0,0,0,0,0,0,0,0,0,0,0,0,0,0.000346668515565416,0
"Seq1919",0,0,0,0,0,0,0,0,0.00109536765485319,0,0,0,0,0,0
"Seq1923",0,0,0,0,0,0,0,0,0,0,0,0.000357288689260923,0,0,0
"Seq1971",0,0,0,0,0,0.000331455087835598,0,0.000332741792369122,0,0,0.000142385237498576,0,0,0,0
"Seq2097",0,0,0.000449700948869002,0,0.0004995004995005,0,0.000928217821782178,0,0,0,0,0,0,0,0
"Seq2157",0,0,0.000449700948869002,0,0,0,0,0,0,0,0,0,0,0,0
"Seq2161",0,0,0,0,0.0011988011988012,0,0,0,0.000318009964312215,0,0,0,0,0,0
"Seq2170",0,0,0.000224850474434501,0,0,0,0.000353606789250354,0,0,0,0,0,0,0,0
"Seq2232",0,0,0,0,0.0002997002997003,0,0,0,7.066888095827e-05,0,0,0,0,0,0.00032835330815958
"Seq2235",0,0,0,0,0,0,0,0,0,0,0.000142385237498576,0,0,0,0
"Seq2264",0,0,0.000269820569321401,0,0.000599400599400599,0,0,0,0,0,0,0,0,0,0
"Seq2283",0,0,0,0,0,0,0,0,0,0,0,0.000357288689260923,0,0,0
"Seq2299",0,0,0,0,0,0.000132582035134239,0,0,0,0,0,0.000408329930583912,0,0,0
"Seq2356",0,0,0,0,0,0,0,0,0,0,0,0,0.000133815067576609,0,0
"Seq2484",0,0,0,0,0,0,0.000574611032531825,0,0,0,0,0,0,0,0
"Seq2510",0,0,0,0,0,0,0,0,0,0,0,0,0,0,0.000246264981119685
"Seq2556",0,0,0,0,0,0,0,0.000332741792369122,0,0,0,0,0,0,0
"Seq2743",0,0,0,0,0,0,0,0,0,0,0,0,0,0,0.00016417665407979
"Seq2831",0,0,0.000359760759095202,0,0,0,0,0,0,0,0,0,0,0,0
"Seq2837",0,0,0,0,0,0.000198873052701359,0,0,0,0,0.000142385237498576,0,0,0,0
"Seq2891",0,0,0,0,0,0,0,0,0,0,0,0,0,0.000277334812452333,0
"Seq2974",0,0,0,0,0,0,0.000309405940594059,0,0,0,0,0,0,0,0
"Seq2979",0,0,0,0,0,0,8.84016973125884e-05,0,0,0,0,0,0,0.000138667406226167,0
"Seq3012",0,0,0,0,0,0.000132582035134239,0,0,0,0.000311581946051812,0,0,0,0,0
"Seq3087",0,0,0.000269820569321401,0,0,0,0,0,0,0,0,0,0,0,0
"Seq3100",0,0,0,0,0,0.000397746105402718,0,0,0,0,0,0,0,0,0
"Seq3116",0,0,0,0,0,0,0,0,0,8.90234131576605e-05,0,0,0,0,0
"Seq3128",0,0,0,0,0,0,0.000265205091937765,0,0,0,0,0,0,0,0
"Seq3166",0,0,0,0,0,0,0,0,0,0,0,0.000153123723968967,0,0,0
"Seq3168",0,0,0,0,0,0,0,0,0,0,8.54311424991457e-05,0,0,0,0
"Seq3307",0,0,0,0,0,0,0.000221004243281471,0,0,0,0,0,0,0,0
"Seq3332",0,0,0,0,0,0,0,0.000110913930789707,0,0,0,0,0,0,0
"Seq3462",0,0,0.000179880379547601,0,0,0,0,0,0,0,0,0,0,0,0
"Seq3473",0,0,0,0,0.0003996003996004,0,0,0,0,0,0,0,0,0,0
"Seq3518",0,0,0,0,0,0,0.000176803394625177,0,0,0,0,0,0,0,0
"Seq3604",0,0,0,0,0,0,0,0,0,0,0.000113908189998861,0,0,0,0
"Seq3736",0,0,0.000134910284660701,0,0,0,0,0,0,0,8.54311424991457e-05,0,0,0,0
"Seq3930",0,0,0,0,0,0,0,0,0,0.000133535119736491,0,0,0,0,0
"Seq3946",0,0,0,0,0,0,0,0,0,0,8.54311424991457e-05,0,0,0,0
"Seq4015",0,0,0,0,0,0,0,0,0,0,0,0,0,0.00020800110933925,0
"Seq4017",0,0,0,0,0,0,0,0,0,0,0,0,0,0.00020800110933925,0
"Seq4051",0,0,0,0,0,0,0,0,0,0,0,0,0,0,0.000123132490559842
"Seq4062",7.47272455537289e-05,0,0,0,0,0,0,0,0,0,0,0,0,0,0
"Seq4063",7.47272455537289e-05,0,0,0,0,0,0,0,0,0,0,0,0,0,0
"Seq4144",0,0,0,0,0,0.000132582035134239,0,0,0,0,0,0,0,0,0
"Seq4292",0,0,0,0,0,0,8.84016973125884e-05,0,0,0,0,0,0,0,0
"Seq4395",0,0,0,0,0,0,0,0.000110913930789707,0,0,0,0,0,0,0
"Seq4484",0,0,0,0,0,0,0,0,0,8.90234131576605e-05,0,0,0,0,0
"Seq4513",0,0,0,0,0,0,0,0,0,0,5.69540949994305e-05,0,0,0,0
"Seq4549",0,0,0,0,0,0,0,0,0,0,0,0,0.000133815067576609,0,0
"Seq4615",0,0,0,0,0,0,0,0,0,0,0,0,0,0.000138667406226167,0
"Seq4617",0,0,0,0,0,0,0,0,0,0,0,0,0,0.000138667406226167,0
