"","#NAME","STN22.465.pre.poly.3.LG","STN22.465.fil.dura.r1","STN22.465.fil.dura.r2","STN22.325.pre.poly.3.LG","STN22.325.fil.dura.r1","STN22.325.fil.dura.r2","STN22.250.pre.poly.3.LG","STN22.250.fil.dura.r1","STN22.250.fil.dura.r2","STN22.150.pre.poly.3.LG","STN22.150.fil.dura.r1","STN22.150.fil.dura.r2","STN056a.310.pre.poly.3.LG","STN056a.310.fil.dura.r1","STN056a.310.fil.dura.r2","STN056a.170.pre.poly.3.LG","STN056a.170.fil.dura.r1","STN056a.170.fil.dura.r2","STN056b.410.pre.poly.3.LG","STN056b.410.fil.dura.r1","STN056b.410.fil.dura.r2","STN056b.390.pre.poly.3.LG","STN056b.390.fil.dura.r1","STN056b.390.fil.dura.r2","STN056b.350.pre.poly.3.LG","STN056b.350.fil.dura.r1","STN056b.350.fil.dura.r2","STN056b.190.pre.poly.3.LG","STN056b.190.fil.dura.r1","STN056b.190.fil.dura.r2","STN068.190.pre.poly.3.LG","STN068.190.fil.dura.r1","STN068.190.fil.dura.r2","STN146.201.pre.poly.3.S","STN146.201.fil.steri.r1","STN146.201.fil.steri.r2","STN146.160.pre.poly.3.S","STN146.160.fil.poly.S.r1"
"1","K00124",1577.98,5992.72,7650.16,2230.75,5199.25,3502.5,1486.4,5564,5461.39,1989.35,3605.27,3912.2,2771.18,5402.09,5192.6,2123.52,4717.15,3478.18,1870.28,4310.41,5049.25,2260.95,4198.75,4122.73,1944.81,5058.5,6241.27,2871.97,4176.28,3844.02,703,4794.95,5664.91,2342.1,2857.8,3817.1,2497.8,965.3
"2","K00184",3732.67,6976.65,8930.66,4642.65,6065.84,4313.66,3045.67,6077.49,5686.16,3868.32,4563,4359.5,4404.99,6161.16,5351,4313.02,5890.98,4534.01,5559.16,5546.66,6187.34,6495.33,5828.68,4819.66,7541.32,7110.34,9067.32,5395.67,4919.5,4656.66,2194,5772.34,7463.41,2176,2925.34,3529.32,1135.33,1494.66
"3","K00196",0,0,0,6,0,0,0,0,0,0,0,0,2.33,0,0,0,0,0,0,0,0,4,0,0,0,2,0,0,0,0,0,0,0,14,0,0,20,4
"4","K00205",0,0,0,0,0,0,0,0,0,0,0,0,0,0,0,3,59,60,0,0,0,0,0,0,0,0,0,0,84,72,0,53,62,0,0,0,0,0
"5","K00216",30.4,277.8,346.5,53,179,119,26,275.5,288.3,7,138.1,211.7,50,253.5,234.6,46.7,178.9,167.1,36,252.5,271.5,63,299,239.4,45.6,293.5,441.6,61.7,153.7,140.6,10,149.2,215,0,88.8,110.6,0,8.8
"6","K00230",293.73,674.47,793.66,332.33,535.5,329,143.6,568.33,628.97,254.9,317.77,441.2,331.4,563.67,521.27,224.8,412.57,383.6,181.63,452.33,421.17,145.63,451.5,346.73,149.63,473.83,765.1,285.1,308.86,370.77,27,419.37,581.33,18.9,213.8,238.6,40.2,102.3
"7","K00240",28674.32,43203.38,56528.32,35181.86,36270.77,26535.46,36912.17,43640.85,44262.39,26750.34,34127.7,30602.25,31251.94,37830.14,35840.82,27731.48,40546.99,31697.09,29433.26,33727.51,38841.48,29443.7,33195.16,30174.78,27526.15,39570.15,50852.03,37146.09,36960.19,36729.06,34176.83,39155.27,47992.39,31000.61,30288.82,38881.41,34656.53,20535.04
"8","K00245",111.73,83.47,215.16,185.83,97.5,50.5,129.7,216.83,168.47,110.8,183.27,157.2,256.3,203.67,150.27,394.9,368.07,200.6,196.93,158.83,198.17,245.93,208,208.73,173.33,260.83,337.1,355.5,333.53,294.27,17,196.87,276.83,42.3,166.13,166.1,38.4,13.8
"9","K00380",1626.99,4440.71,6211.49,1991.28,4056.64,2633.63,1269.5,4218.14,4309.39,946.26,2920.08,2928.75,2105.28,4221.68,3855.49,2037.05,3714.08,2748.96,1736.19,3646.88,3992.81,2274.44,3858.36,3175.53,1914.57,4175.69,5054.07,2477.13,3064.58,3053.1,831.83,3707.64,4322.52,1074.07,2569.9,3288.1,483.96,1121.83
"10","K00411",5185.5,15405.75,18930.83,6669.45,12375.4,9356.8,4253,13162.4,13045.09,4995.25,13366.3,9885.55,7296.53,13549.44,12048.55,6654.52,16518.35,12621.28,4901.35,11042.56,12920.4,6177.11,11910.2,10519.13,5259.81,13557.1,17778.57,6352.27,15184.05,14453.49,20559,14570.95,17729.51,22418.9,13800.43,17607.5,25115.3,12805.7
"11","K00435",8.66,16,12.66,23.67,6,8,2.01,33.66,5.34,0,192,8,80,13.34,11.34,810.51,258.34,172.66,60.66,20.66,17.34,93.66,16,18.66,8,8.66,47,473,260.66,262.34,26,141.34,224.66,625,756.66,872,32,287
"12","K00437",10,0,0,0,0,0,0,0,0,5,0,0,0,0,0,0,0,64,0,0,0,4,0,0,0,76,92,8,64,53,0,56,15,14,49,49,20,0
"13","K01252",112.4,1720.8,2501.5,142,1723,1078,77,1724.5,2130.3,55,929.1,1317.7,131,1582.5,1427.6,107.7,1234.9,773.1,77,1392.5,1489.5,135,1322,1195.4,78.6,1292.5,1327.6,128.7,890.7,883.6,10,1048.2,1118,0,392.8,624.6,0,25.8
"14","K01851",59,97,138,35,99,52,28,115,164,18,72,88,17,124,99,5,83,28,14,82,69,0,51,49,14,46,60,70,53,52,0,51,78,0,0,0,0,5
"15","K02003",84212.3,101805.94,136780.99,98844.61,86078.94,62443.5,104867.28,106889.65,110973.59,74782.78,80472.02,74410.2,83523.24,89903.83,87185.01,75144.21,96703.57,72836.59,86995.42,82890.59,93598.14,86532.56,80091.64,72160.48,77169.26,96047.47,120036.96,102899.12,85925.23,85598.08,67705.15,92270.84,112682.82,44299.97,67103.67,85937.71,49467.41,39592.63
"16","K02010",5639.4,14260.31,18771.82,7264.95,12110.4,8587.8,4890,12877.33,13072.39,6984.25,10795.99,9291.75,8959.7,12755.94,12236.15,10228.39,14989.75,10634.22,8554.85,10722.81,12953.15,11128.61,11351.45,10237.03,8539.25,13346.6,16107.42,13310.97,12705.75,12418.84,5756,13182.4,15846.22,9826.07,10273.4,13352.02,9406.47,6414.5
"17","K02011",5509.91,16288.51,21346.82,7244.95,13933.4,9870.8,4740,14472.33,14744.09,6002.25,12588.89,10293.55,8162.95,14481.94,13662.55,10379.69,16125.85,11458.12,8431.19,12316.81,14556.65,10794.61,12816.45,11530.63,8669.65,14772.1,17475.82,13072.93,13594.05,13434.24,14813,14396.2,17192.47,10512.07,11605.6,15158.42,11444.47,8619.7
"18","K02012",5705.92,16748.51,21451.32,7629.12,14018.73,10040.63,4904.5,15003.5,14724.26,6221.93,13265.89,10754.55,8874.95,15071.94,14287.72,10425.69,16538.85,12037.12,7175.02,12400.81,14907.81,9263.94,13046.45,11855.3,8333.81,15386.1,18847.15,13058.43,14275.55,13913.24,16492.83,15030.03,18171.14,12268.57,11881.1,15516.08,13461.3,9352.2
"19","K02013",28484.25,47162.08,63391.56,35444.05,40275.71,28822.25,37029.87,48350.25,49525.36,27310.83,35578.77,34042.85,32869.51,42066.23,40371.63,31923.8,43528.89,32470.25,32097.01,37740.11,42763.76,31851.81,36354.61,33477.86,28835.36,43377.37,54796.57,45127.78,38582.29,38494.33,22262.99,41934.12,51097.3,18041.95,28176.98,36511.64,19093.23,14468.98
"20","K02014",22325.84,68695.28,87144.94,28015.63,55246.29,42066.66,17763.53,59771.81,58374.19,18336.96,49394.87,43494.9,29799.3,59337.54,55399.72,33564.61,69507.58,50861.07,22775.19,53757.6,60600.25,25713.29,55758.38,47951.5,24579.98,65184.98,83480.94,29036.25,58112.26,56496,30933,62742.1,75240.92,31574.54,42844.7,52853.2,25548.03,36972.58
"21","K02015",29155.49,44307.29,58039.28,36127.32,37062.52,26323.56,36898.67,43963.03,45175.4,27594.04,32910.49,30912,33921.88,38933.13,37407.51,33675.21,41148.58,30859.5,32525.08,33986.86,39338.67,32191.81,34106.66,31449.08,29438.34,40505.03,52038.96,47323.49,36805.1,36065.59,22821.3,39257.7,48448.3,23088.42,28236.65,36494.18,24460.54,15165.25
"22","K02016",30424.2,53519.07,70831.1,37465.11,45082.88,32404.23,38018.17,53620.66,54489.42,28460.34,39324.56,38005.25,34627.96,47363.44,45544.15,33329.52,48760.6,36363.08,33501.48,41939.21,47955.4,33420.28,40789.45,37820.74,30461.34,48556.87,61641.76,46460.42,43251.24,42870.55,23674.14,46977.74,57675.05,19688.53,31715.48,41363.38,20565.55,16048.69
"23","K02074",571.24,2788.17,3697.66,721.83,2636.5,1739.5,427,2546.33,2834.67,452.5,1838.17,1874,979.25,2521.67,2303.17,1706.5,2261.17,1581.16,1072.16,2228.33,2482.17,1332.34,2134.5,1877.83,1460.17,2295.83,2563.5,2804,1917.33,1799.83,612,2121.17,2452.83,903.5,1621.33,2321.5,944.5,750
"24","K02075",825.41,8365.67,11482.66,972.83,7520.5,5558.5,650.2,8489.33,8347.67,464.3,5560.17,6317,1179.05,7653.67,7369.17,882.7,6633.17,4933.33,1132.76,7250.33,8278.17,1280.27,6434.5,6016.83,1364.57,7624.83,8822.5,1489.8,5863.33,5989,626,6988.17,8280.83,235.8,3289.33,4565.5,154.9,750
"25","K02076",291.34,108.6,151.5,304.67,81.33,40.93,205,74.27,69.87,219.68,102,57.8,379.73,148,144.67,182,233,163.8,212,79,177.56,265.33,235.8,189.67,229.06,219.2,278.33,121.33,197.5,168.8,7.33,156.33,255.97,58.6,144.5,176.26,70.13,9
"26","K02077",1222.74,9717.84,13055.99,1416.83,8522.5,6277.5,1014.7,9763.33,9507.67,851.8,6330.17,7032,1984.05,8770.67,8566.67,2602.2,7573.67,5734.66,1784.26,8063.83,9377.67,2267.94,7306,6891.83,2230.57,8694.83,10181.5,3907.3,6714.33,6655.33,1276.5,8076.67,9448.83,1594.3,3772.83,5130.5,1133.4,1098
"27","K02193",6050.15,20411.55,25978.99,7858.86,16987.65,12711.13,5359.5,19264.73,18085.14,6098.33,17371.82,14321.75,8595.44,18764.52,16918.48,7604.48,20513.16,15896.97,7890.59,15938.56,18561.57,8927.03,16121.37,14525.53,9462.32,18665.94,23862.75,8600.64,19207.17,18832.42,22829.5,19042.15,23238.01,23063.23,15447.23,19819.68,25517.8,13600
"28","K02194",6159.15,20811.05,26434.49,7803.86,17278.65,13104.13,5495,19398.73,18360.14,5752.33,17781.32,14499.75,8746.94,19008.02,17084.48,7866.48,20748.16,16127.47,6190.59,16253.06,18669.57,7053.03,16365.87,14701.03,6568.82,18901.94,24354.75,7672.14,19334.17,18869.42,21975.5,19221.15,23573.76,23364.23,15694.23,20177.68,25530.8,13683
"29","K02195",6703.65,21834.05,27879.99,8525.86,18143.65,13732.13,5914.5,20522.73,19519.14,6430.33,18599.82,15333.75,9407.94,19992.52,18104.48,8360.48,21728.16,16774.97,8698.59,17011.56,19667.57,9616.03,17239.37,15518.03,10274.32,19945.44,25714.75,9242.64,20090.17,19647.42,22884.5,20183.15,24673.76,23489.23,16224.23,20736.68,25781.8,14017
"30","K02196",1712.65,6115.97,7197.16,2423.2,4575.65,3524.3,1562.5,5234.4,4671.64,1423,4062.07,3919.75,2820.78,5603.69,5018.65,2859.47,6009.5,4388.3,1814.1,4332.31,5492.65,2199.36,4847.45,4058.53,1955.66,5606.1,7559.17,3209.47,5127,4867.84,1867,5576.4,7226.26,3626.9,4078.23,5361.6,2987.3,3306.5
"31","K02217",1820.82,4051.81,5627.99,1799.74,3476.25,2582.83,1243.7,4025.26,4600.22,1503.06,4343.69,3007.7,2081.55,3700.42,3544.11,1734.65,5240.15,3833.85,3070.35,3449.66,3619.33,3377.68,3327.67,3095.73,2239.07,4029.16,5226.51,2177.99,4583.71,4613.99,666.33,4223.54,5141.79,995.64,3033.8,3731.11,841.34,1984.3
"32","K02255",0.4,25.8,25.5,4,0,0,3,30.5,24.3,7,3.1,37.7,5,29.5,0.6,11.7,2.9,2.1,0,17.5,21.5,5,24,3.4,4.6,1.5,51.6,4.7,8.7,5.6,10,2.2,0,0,4.8,1.6,0,8.8
"33","K02361",640.4,1136.01,1637.33,890.33,985.17,725.5,662.17,1059.83,1257.13,665.83,1138.6,816.2,1037.5,1191.5,1030.27,878.7,1241.73,1000.6,785.67,966.83,955,1006.67,1217.67,913.23,1040.6,1218.83,1806.93,844.99,954.89,1052.86,228,996.87,1257.58,346.38,757.47,842.79,218.9,527.84
"34","K02362",30.15,253.8,315.5,46,163,119,33,265.5,258.3,7,369.1,198.7,131.75,253.5,218.6,856.2,432.9,304.1,83,229.5,273.5,129,299,232.4,45.6,274.5,394.6,537.7,387.7,381.6,64,287.2,377,677,896.8,1028.6,39,310.8
"35","K02363",115.4,1723.8,2506.5,142,1723,1078,73,1727.5,2133.3,60,929.1,1317.7,146,1582.5,1427.6,116.7,1236.9,773.1,85,1392.5,1489.5,141,1322,1195.4,78.6,1292.5,1330.6,128.7,890.7,883.6,10,1048.2,1118,0,392.8,624.6,0,25.8
"36","K02364",82.4,1492.8,2211.5,93,1560,959,54,1493.5,1896.3,55,794.1,1156.7,86,1358.5,1209.6,72.7,1058.9,618.1,49,1180.5,1239.5,94,1047,966.4,37.6,1019.5,965.6,71.7,758.7,760.6,10,901.2,927,0,308.8,515.6,0,25.8
"37","K02552",1051.57,2229.23,2700.16,1233.16,1742.33,1091.26,859.2,1934.93,1699.84,761.31,1183.77,1166.5,1503.36,1883,1781.77,2044.41,1481.73,1310.57,979.92,1436.33,1510.9,1437.43,1597.47,1369.9,1094.72,1758.87,2488.26,2433,1290.03,1214.4,418.33,1694.2,2152.8,1036.73,924.3,1140.69,951.03,949.3
"38","K02586",284.25,556,698,294.75,440.25,417,313,590.5,587.25,208.25,429.75,443,459.25,660.25,567,308.25,507.75,479.25,268.75,539.5,568,259.75,539,430.5,271.75,617,785.75,249,537.25,500,12,558.5,597.5,58.5,320,450.25,23,25.5
"39","K02588",339.25,532,674,380.75,436.25,380,300,504.5,491.25,179.25,373.75,361,431.25,593.25,517,307.25,435.75,445.25,241.75,482.5,505,259.75,477,378.5,239.75,562,749.75,249,477.25,457,12,489.5,562.5,58.5,294,420.25,23,25.5
"40","K02591",234.25,402,498,294.75,340.25,277,253,380.5,375.25,150.25,269.75,257,379.25,464.25,403,274.25,322.75,356.25,214.75,377.5,398,259.75,361,302.5,207.75,430,578.75,249,379.25,360,12,370.5,451.5,58.5,236,370.25,23,18.5
"41","K02592",180.25,388.5,498,217.75,340.25,275.5,182,371.5,363.25,87.25,269.75,243.5,277.25,464.25,393,227.25,317.25,348.25,159.75,366.5,398,194.75,361,292.5,162.75,424,565.75,208,366.25,356,12,363.5,451.5,58.5,232,370.25,23,18.5
"42","K02636",677.83,6309,8557,562.5,5446,4204,437.5,6503,5982,284,4064,4836,660.5,5713,5637,446,4847,3841,430.67,5488,6336,431,4823,4570,354.5,5917,7031,304.33,4446,4614,386,5467,6595,96,1811,2652,43,495
"43","K03559",33064.06,48001.04,62076.75,40626.1,38845.26,28589.05,39246.27,45752.19,44859.68,27998.38,36446.98,30968.45,34678.79,41617.99,39429.4,33424.66,45758.36,34898.39,35748.42,38392.82,43805.88,37994.05,38317.86,33810.09,30910.45,45562.76,58928.98,40222.87,40892.81,39800.94,43925,43789.99,54148.64,27860.83,34853.43,43785.95,29512.5,26281.94
"44","K03560",8936.15,29322.82,37832.16,11197.18,24883.27,18324.79,6909.5,27131.51,25993.89,9888.99,23607.2,20401.75,11233.76,26363.3,24204.14,11024,29177.98,21860.43,9898.08,23018.18,26984.66,11435.86,23436.83,20964.78,11713.14,27294.5,34296.53,12422.98,26186.51,25435.46,23204,26775.77,32703.39,25606.39,19621.48,25398.72,27967.3,15377.5
"45","K03561",31529.39,45366.8,59351.07,39121.13,37042.08,27305.02,38964.64,43770.75,43502.19,27819.18,35748.78,30269.5,34174.46,39831.19,37821.13,32676.62,44969.47,34230.58,33820.79,36766.62,41981.2,35410.67,37072.31,32241.21,29643.41,43772.51,56410.55,39168.35,40330.65,39329.05,35804.5,42543.7,52456.14,31641.49,35621.19,44319.67,33192.17,24671.89
"46","K03562",8545.15,26783.82,34019.16,10951.68,22390.27,16684.79,6976,24495.51,22935.89,8967.99,20922.2,18209.75,11348.76,23971.3,21990.14,10688,25523.98,19508.43,11422.08,20961.18,24506.66,12582.86,21250.83,18760.78,11987.14,24855.5,31618.03,12738.98,23064.51,22450.46,22971,24066.77,29522.89,25672.39,17844.48,23153.22,28109.3,14792.5
"47","K03594",5403.82,15322.83,19026.83,6627.9,12343.54,8922.43,4036.5,12637.21,12040.64,5459.33,10535.88,8805.8,6738.47,13276.61,12153.69,7665.75,14383.92,10657.08,5236.37,11199.45,13175.38,6274.56,11968.06,10713.5,5856.72,14096.14,17881.06,7676.03,12314.17,11862.01,14147,13441.25,16441.87,7649.84,8973.5,11384.8,7095.17,8144.91
"48","K03620",170.65,523.3,715.5,172.75,423.75,366,201.2,566,512.55,119.55,379.35,410.7,273.55,641.25,521.6,260.15,492.65,366.85,135.35,503.5,556.5,157.35,543.5,453.9,164.25,527,669.35,182.5,482.45,488.6,6,423.2,557.5,44.3,270.8,347.35,15.4,15.8
"49","K03646",3446.65,5793.58,6951.99,4367.35,4183.27,3107.96,2537.5,4699.18,4435.39,2849.16,5390.12,3586.75,4780.1,4796.47,4630.31,4836.66,7299.82,5551.26,3342.92,4313.43,5074.74,4030.86,4568.41,3803.78,3723.31,5753.66,7675.45,4592.31,6872.17,6423.05,4028.5,6437.69,7726.39,9459.89,7292.31,8691.97,10218.8,5572.83
"50","K03709",3617.83,8567.27,10783.16,4704,7333.5,5230.93,3176.67,7272.6,7056.2,4098.01,8027,5128.8,5501.07,7366,6581.84,7644.17,9422.33,7032.46,7484.17,6576.33,7571.06,7269.01,6791.47,6073,8110.9,8376.03,10764.66,11450.66,8624.16,8277.79,13488.33,8279.5,10674.55,6186.44,5377.51,6941.76,7910.13,5683.83
"51","K03711",31030.9,40978.86,53730.65,36911.76,34430.02,24785.39,38165.18,41199.37,43029.84,28735.42,31936.29,28742.05,32967.07,35864.72,34347.15,30320.25,39387.9,29708.65,32331.51,31985.01,36167.55,32760.96,31345.13,28337.28,29716.79,37570.69,48185.11,40832.38,35315.96,34669.96,23171.33,37427.11,45766.65,21889.41,27792.15,35317.11,23787.06,16504.41
"52","K03809",3678.15,9031.13,11519.99,4697.87,7395.89,5136.8,2851.97,7442.64,7281.64,3709.2,8059.58,5419.75,5219.48,7687.43,7274.65,4735.94,9730.5,6843.54,3638.5,6977.8,7775.9,4342.76,6866.94,6117.03,4085.76,8023.36,10164.66,5083.17,8846,8241.85,13695,8624.89,10384.77,12979.6,8781.23,10879.11,16405.9,8439.5
"53","K03832",27173.49,40697.99,53642.64,34197.15,33914.03,24730.22,35894.18,40691.75,42246.23,25422.23,28605.52,28327.1,29186.31,35060.63,33702.66,25918.97,37353.75,27601.38,26030.7,32079.58,36527.38,25830,31762.36,28334.95,22078.67,37515.58,47808.78,31494.56,31939.27,31331.19,13881,35932.88,42807.45,16978.99,25885.93,32515.67,14253.6,14776.19
"54","K03839",743.57,2434.01,3076.99,1017.7,1990.32,1395.3,765.5,2148.4,2092.47,479.83,1326.57,1617.25,1155.7,2189.19,2105.32,1087.97,2224.83,1729.8,632.1,1879.64,2254.15,1089.19,2198.62,1781.86,951.66,2580.43,3259,632.76,1888.69,1904.27,310.5,2246.07,2791.59,217.78,981.9,1247.29,133.37,396.04
"55","K03840",143.23,816.97,1080.16,230.53,643.65,451.3,139.3,762.23,683.97,103.2,466.07,615.25,228.4,783.52,642.32,387.1,644.17,478.3,139.83,626.98,883.32,145.43,745.45,632.03,216.93,880.43,1137.5,268.5,501.33,488.17,161.5,670.07,820.93,260.1,229.73,263.6,134.9,185.5
"56","K03886",245.33,53,68,312.5,28,14,213,10,22,134,22,4,336,64,62,73,131,76,184.67,19,82,196,109,87,127,135,198,51.33,100,84,0,97,163,6,28,21.5,0,0
"57","K03890",71.33,672.5,721,106,542,303,288,615,633,483.5,325,383.5,348,509,535,1229.5,357,348.83,256.33,369,410,371.34,377,376,327.67,479,695,1541,396.33,346.83,166,498,633,676,225.67,313,825,359
"58","K03937",0,0,0,0,0,0,5,0,0,0,0,0,0,0,0,0,0,0,3,0,0,0,0,0,0,0,0,3,0,0,0,0,0,0,0,0,0,0
"59","K03939",0,0,0,0,0,0,2,0,0,0,0,0,0,0,0,0,0,0,0,0,0,0,0,0,0,0,0,0,0,0,0,0,0,0,0,0,0,0
"60","K03941",0,0,0,0,0,0,5,0,0,0,0,0,0,0,0,0,0,0,3,0,0,0,0,0,0,0,0,3,0,0,0,0,0,0,0,0,0,0
"61","K04047",4825.74,15172.03,18592.89,5734.77,12392.52,9357.69,3277.77,13040.08,12528.8,4070.32,11798.45,9398.75,6154.19,13520.78,11995.95,7012.44,15801.8,12089.25,4325.41,11351.35,12689.45,5283.78,12272.33,10438.95,4933.9,14035.79,18123.64,6523.3,13858.38,13378.29,18379.33,13868.77,16954.78,16105.8,10707.43,13688.9,16695.43,11795.53
"62","K04564",27276.39,31142.11,40135.15,33654.94,25911.85,18401.22,35771.17,31066.81,32785.31,24948.6,24959.22,21164.25,28811,26953.72,25297.92,26363.61,30118.3,23411.41,28566.51,23661.01,26821.21,28549.61,24511.63,21158.35,24578.72,28366.19,36770.04,33883.29,26922.64,26703.62,31911.16,27929.8,34249.28,24428.21,24248.96,31144.52,26502.33,18646.84
"63","K04755",5035.99,18369.56,22431.59,6347.22,14886.18,11416.46,3904.17,15802.28,16019.25,4271.99,15314.33,11625.35,7053.44,16220.17,14274.65,6438.32,18664.85,14492.53,5123.76,13349.41,15268.49,6059.36,14486.33,12773.74,5593.15,16196.15,21379.73,6496.47,16644.66,16029.83,21107.5,16360.31,19997.9,22351.07,15047.16,19222.72,24109.13,13807.16
"64","K04758",6461.98,8671.17,11296.42,6610.68,7118.19,5196.93,3738.37,7927.7,8263.12,4683.96,7647.71,5823.1,6065.77,7569.49,7110.1,6457.09,9815.59,7250.29,3970.6,6595.26,6949.57,5128.43,6472.01,5723.11,4619.21,7823.25,10318,5816.67,8424.69,8289.74,5337,8836.95,10445.61,3994.89,5618.54,6955.48,4215.03,4173.12
"65","K04759",25311.15,19218.88,26221.92,30212.02,16484.77,11312.76,33257.37,21114.44,23674.29,23554.14,15976.04,14277.1,24671.77,16836.99,16019.77,21631.92,18743.09,14022.12,25394.6,15244.76,16685.23,24880.43,14719.51,12718.28,21088.54,17759.25,22748.08,28520.29,16499.72,16504.83,17497.83,17727.61,21500.82,9378.27,14725.71,18566.17,10686.43,8364
"66","K04780",0,0,0,0,0,0,0,0,0,0,0,0,0,0,0,0,0,0,0,0,0,0,0,0,0,0,0,0,0,0,0,0,0,0,0,0,0,0
"67","K04781",0,0,4,1.33,0,0,0,0,0,0,5.67,0,0,0,0,1.67,0,0,0,0,0,0,0,0,3.33,0,0,0,1.33,1.67,19,4.67,0,86.33,44.33,41.33,62,39.33
"68","K04782",697.25,2012.87,2459.5,1045,1487.12,1214.5,537,1530.62,1865.25,451,1257.13,1006,765.75,1534.12,1118,658,1592,1087.12,454,1225.37,1419.5,630,1390.87,1215.25,436.5,1550.38,2030.37,601.5,1157.5,1200.63,1250,1394.37,1806.13,76,444.25,782.13,13,668
"69","K04783",25,228,290,44.66,163,119,65.5,231,234,0,146.34,161,45,224,218,38.34,176,140,25,212,250,41,275,229,47.66,273,343,57,134.66,126.34,38,156.34,191,172.66,172.66,191.66,124,78.66
"70","K04784",0,0,0,2.66,0,0,0,0,0,0,11.34,0,0,0,0,3.34,0,0,0,0,0,0,0,0,6.66,0,0,0,2.66,3.34,38,9.34,0,172.66,88.66,82.66,124,78.66
"71","K04787",0,0,4,0,0,0,0,0,0,0,0,0,0,0,0,0,0,0,0,0,0,0,0,0,0,0,0,0,0,0,0,0,0,0,0,0,0,0
"72","K04788",0,0,4,0,0,0,0,0,0,0,0,0,0,0,0,0,0,0,0,0,0,0,0,0,0,0,0,0,0,0,0,0,0,0,0,0,0,0
"73","K04789",0,0,4,0,0,0,0,0,0,0,0,0,0,0,0,0,0,0,0,0,0,0,0,0,0,0,0,0,0,0,0,0,0,0,0,0,0,0
"74","K04790",0,0,4,0,0,0,0,0,0,0,0,0,0,0,0,0,0,0,0,0,0,0,0,0,0,0,0,0,0,0,0,0,0,0,0,0,0,0
"75","K04791",0,0,4,0,0,0,0,0,0,0,0,0,0,0,0,0,0,0,0,0,0,0,0,0,0,0,0,0,0,0,0,0,0,0,0,0,0,0
"76","K04792",0,0,4,0,0,0,0,0,0,0,0,0,0,0,0,0,0,0,0,0,0,0,0,0,0,0,0,0,0,0,0,0,0,0,0,0,0,0
"77","K04793",0,0,4,0,0,0,0,0,0,0,0,0,0,0,0,0,0,0,0,0,0,0,0,0,0,0,0,0,0,0,0,0,0,0,0,0,0,0
"78","K05524",6027.58,14400.77,17394.1,7559.37,11447.77,8630.5,4524.7,12311.39,12097.12,5156.8,12835.93,9225.85,7641.38,12706.24,11289.58,7091.87,15767.53,12228.72,5456.11,10210.85,11823.58,6942.43,11039.12,9696.05,6289.9,12627.05,16688.24,6905.13,14593.67,13972,20596,13896.9,16699.06,22415.1,13600.75,17281.63,25128.9,13043.5
"79","K05586",39,27.5,1,35,22.5,0,18,27,10,8.5,24,0,48,48,27.5,47.5,60,48,52.5,9.5,4.5,49,9,2.5,45.5,34.5,43.5,58.5,32.5,52,6,30.5,52,27,46,95.5,3.5,1.5
"80","K05587",39,27.5,1,35,22.5,0,18,27,10,8.5,24,0,48,48,27.5,47.5,60,48,52.5,9.5,4.5,49,9,2.5,45.5,34.5,43.5,58.5,32.5,52,6,30.5,52,27,46,95.5,3.5,1.5
"81","K05588",39,27.5,1,35,22.5,0,18,27,10,8.5,24,0,48,48,27.5,47.5,60,48,52.5,9.5,4.5,49,9,2.5,45.5,34.5,43.5,58.5,32.5,52,6,30.5,52,27,46,95.5,3.5,1.5
"82","K05922",41.25,34.5,90,58.75,38.75,37,49.2,54.5,37.25,41.55,85.25,45,98.55,65.75,55,171.45,150.75,89.75,70.35,48,51,89.35,58,74,69.65,66,64.75,117.8,168.75,160,0,73,123.5,20.3,68,80.75,15.4,0
"83","K05927",41.25,34.5,90,58.75,38.75,37,49.2,54.5,37.25,41.55,85.25,45,98.55,65.75,55,171.45,150.75,89.75,70.35,48,51,89.35,58,74,69.65,66,64.75,117.8,168.75,160,0,73,123.5,20.3,68,80.75,15.4,0
"84","K05997",51.57,516.57,647.23,103.67,429,331.3,112.3,471.47,378.77,94.7,446.27,364.9,179.73,452.57,333.73,1109.27,694.63,456.87,111.17,400.83,539.73,154.43,453.7,393.9,73.43,586.77,671.97,634.17,584.67,597.97,93.5,584.53,715.33,665.6,878.9,1021.6,70.9,369.5
"85","K06073",0.4,26.47,26.83,12,0,1.5,3,30.5,24.3,7,4.27,38.2,5,29.5,6.6,11.7,2.9,2.77,0,20.5,28.5,5,30,3.4,7.6,1.5,51.6,4.7,10.7,5.6,10,2.2,5,0,4.8,1.6,0,8.8
"86","K06074",38.4,448.07,573.23,64,387.25,287.3,47.8,388.3,315.1,39.7,208.27,306.65,17.4,385.15,288.65,20.1,368.3,228.37,0,368.25,505.15,15.6,428.95,355.9,9.1,533.1,609.8,8.5,273.5,265.8,10,362.2,493,0.6,64.4,83.6,0.4,72
"87","K06205",137.98,700.47,884.16,209.53,555.65,413.3,100,645.23,554.97,199.5,392.07,480.25,370.45,623.02,516.32,1223.3,577.17,395.3,250.93,592.98,769.82,389.53,711.95,596.03,430.33,810.43,984,1624.3,429.83,397.17,45,528.07,716.93,702.9,210.73,239.6,824.8,87
"88","K06858",71.15,692.47,879.83,114.2,552.65,409.3,84,640.9,552.3,44.5,392.07,476.25,81.95,614.35,510.65,101.3,572.5,389.97,30.6,582.65,761.15,60.2,703.95,586.7,59.5,806.1,975,108.3,426.5,391,38,519.4,700.6,66.9,208.4,239.6,24.8,87
"89","K07165",1122.27,2648.39,3479.43,1481.27,2018.32,1346.1,976.6,2020.19,1765.82,556.4,1232.35,1280,1027.63,2016.69,1508.33,1051.27,2426.33,1822.19,633.67,2010.65,2352.38,685.53,2286.02,1773.75,497.73,2408.25,3889.69,859.57,1590.57,1572.45,529,2384.35,2963.51,693.7,952.15,1240.78,302.8,830.6
"90","K07224",117.82,245.97,286.83,163.67,163.33,126.83,77,146.17,124.97,193.68,78.27,102.7,336.75,127.5,133.27,1261.2,165.9,59.6,359.33,156.5,161.16,356.67,105,64.07,386.26,200.5,292.93,1679.03,111.7,43.43,17.33,159.53,187.67,1062,119.8,132.26,886.33,49.8
"91","K07225",212.5,1581,2391.16,350.66,1607,1019.83,256.5,1544.83,1928.5,218.33,1040.34,1153,303.66,1524.33,1358.33,965.51,1460.66,863.01,143.66,1274,1391.67,235,1155.67,1082,94.66,1227.34,1209.33,625.17,1105.67,1117.33,30,1183,1282.25,632.83,1111,1466.83,32,312
"92","K07226",1118.83,3909.16,5320.33,1706.44,3640.15,2383.63,1096.5,3630.56,3833.92,1420.08,2464.55,2635.8,1726.36,3592.35,3292.3,1415.86,2983.68,1976.45,1205.84,3202.23,3399.24,1592.28,2993.37,2827.13,1281.64,3338.27,3808.48,1929.77,2336.55,2409.4,527.5,2852.37,3396.93,590.23,1714.93,2486.58,310.8,595.2
"93","K07227",69.33,399.67,552.66,71.33,363,301.5,65.2,389.33,332.67,20.8,267.17,277.5,115.8,478.67,413.67,84.2,368.67,287,53.93,384.33,424.67,66.93,397,361.33,68.73,393.33,485,109.8,397.33,390.67,7,301.67,440.33,81.3,208.33,281,79.4,0
"94","K07229",0.4,25.8,25.5,4,0,0,3,30.5,24.3,7,3.1,37.7,5,29.5,0.6,11.7,2.9,2.1,0,17.5,21.5,5,24,3.4,4.6,1.5,51.6,4.7,8.7,5.6,10,2.2,0,0,4.8,1.6,0,8.8
"95","K07230",65,816.67,1305.33,89,898,658.5,85.5,1037,1332,57,702.17,870.5,169,972,899,101,803,368.67,109,782,707,34,620,530,38,699,589,102,566,595,7,635,634,55,244,326,7,17
"96","K07231",561.17,2121.83,2492.83,905.25,1571.92,1151.5,497.5,1992.5,1835.08,431.08,1512.75,1615.5,1357.17,1991.75,1919.67,1605.75,1875.08,1594.25,685.75,1235.33,1795,812.58,1419.17,1408.33,685.75,1713.83,2398.58,1526,1686.08,1606,248,1900.17,2472.58,2500.67,1506.67,1955.58,2230.5,638.83
"97","K07243",1195.07,10522.89,14607.49,1495.2,9561.48,7085.63,937.8,10805.4,10961.14,781.38,6888.49,8124.75,1814.4,9885.52,9257.49,2841.1,8778.67,6160.47,1141.49,9069.73,10177.73,1251.6,7996.2,7301.7,1045.59,9565.93,10956.08,2902.83,7450.83,7592.92,477.33,8914.15,10455.35,1622.6,4092.23,5413.01,1019.23,896
"98","K07400",896.65,2676.59,3176.16,1138.2,1966.77,1463.3,914.5,2188.02,1973.39,809,1885.45,1623.75,1204.78,2378.31,2228.65,1760.47,3461.5,2560.42,730.1,1970.43,2494.4,968.36,2348.07,1793.78,746.66,2796.98,3591.29,1215.47,2922.5,2830.22,1998,2933.52,3713.14,1726.9,2466.48,2932.48,636.3,2969.5
"99","K07490",0.4,26.47,26.83,4,0,1.5,3,30.5,24.3,7,4.27,38.2,5,29.5,0.6,11.7,2.9,2.77,0,17.5,21.5,5,24,3.4,4.6,1.5,51.6,4.7,8.7,5.6,10,2.2,0,0,4.8,1.6,0,8.8
"100","K08225",15.23,26.3,25.5,19,0,0,11,30.5,24.3,9,3.1,37.7,24,29.5,0.6,24.7,2.9,2.93,9,17.5,21.5,14.67,24,3.4,10.27,1.5,51.6,14.7,8.7,6.43,10,2.2,0,0,4.8,1.6,0,8.8
"101","K09013",26752.49,30282.7,40550.49,32735.95,25833.9,18246.73,35090.97,31922.1,33458.42,26111.96,20863.24,21971.05,27647.38,26300.27,25481.32,23543.36,26337.91,19959.02,25811.09,23696.56,26741.29,25785.85,22748.17,20584.2,23181.74,27236.8,35036.83,33202.62,22766.77,22843.65,8208.83,26129.15,32209.94,8973.08,17709.74,22852.05,8391.6,8785.87
"102","K09014",8340.99,22904.2,30436.99,9949.45,19367.4,14079.23,6335.97,21972.17,21509.42,7387.96,16575.74,15789.55,10861.38,20516.77,19728.82,10074.36,21436.91,15891.02,10392.09,18259.56,20351.29,11921.85,17558.17,16222.7,13323.74,20900.8,26513.33,13939.12,18534.77,18496.15,6040.83,20617.15,25199.23,6632.08,11429.74,14957.05,6113.6,7956.87
"103","K09015",7775.99,20323.2,26772.49,10052.12,17102.9,12322.23,6252.47,18946.67,18360.92,7348.96,13722.07,13535.55,9993.05,17948.77,17052.82,9814.69,17904.91,13636.02,8674.09,15823.56,17921.29,10738.85,15462.67,14088.7,10619.41,18452.8,23473.83,10994.12,15584.44,15351.48,6275.83,17746.98,21986.23,6272.75,9534.41,12473.72,5794.6,7073.54
"104","K09814",53.34,0,2,79.67,2.33,2.33,40,2.67,3.67,31.68,0,0,52,6,1.67,55,0,0,39,0,6.66,39.33,6,3.67,40.66,4,7.33,42.33,0,0,7.33,1.33,1.67,53,42,50.66,36.33,9
"105","K09818",1.5,34.17,8.33,4,24.5,0,26.5,43,9,143,36,5,217,56,52.5,1132,90.5,97.5,203.5,33,74.5,268,38.5,35.5,342,105.5,116.5,1538,100,118.5,0,73.5,101.5,656.5,97.5,169,800.5,0
"106","K09819",354.33,478.67,709.33,428,434.5,225,395.5,477,541,562,306,278,894,505,466.5,2667,430.5,346.33,773.5,412,410.5,1126.67,378.5,296.5,1099.67,417.5,500.5,3738,374,370.33,305,398.5,521.5,1566.5,242.5,368,1669.5,578
"107","K09820",330.33,378.67,580.33,415,338.5,173,374.5,367,383,411,226,195,685,385,371.5,1551,347.5,318.33,564.5,338,341.5,866.67,327.5,252.5,764,376.5,440.5,2050,323,318.33,11,347.5,443.5,930.5,242.5,368,864.5,9
"108","K09823",3764.15,9059.84,11435.66,5105.2,7294.77,5209.8,3012.3,7935.02,7598.89,3596.2,5878.2,5828.75,5325.98,7970.81,7406.65,4838.77,8243.5,5985.42,3542.5,6627.68,7693.15,4237.76,6853.32,6107.78,3669.76,7822.48,10000.54,4970.67,7155.5,6907.47,3179,7767.77,9589.39,4450.6,4910.48,6619.73,4112.9,4433.5
"109","K09825",18255.92,6559.97,9241,22510.41,5794.58,3665.76,28659.5,9444.53,11473.62,18269.26,5017.42,5867.3,16863.97,5284.58,5369.5,12607.43,5749.91,4597.22,15617.58,5110.5,5877.73,14333.08,4909.47,4000.67,10240.3,6079.04,7955.91,18188.62,5478.61,5509.23,4423.33,5858,7226.18,1353.47,6881.33,8466.03,789.2,1964.54
"110","K09826",1180,3884,4649,1750,3114,2339,1055,3399,2947,1869,2389,2290,2013,3477,3220,1249,2855,2181,1346,2694,3222,1938,2840,2784,1514,3248,4246,2171,2580,2534,423,2847,3884,1885,1812,2695,2281,471
"111","K10123",2.33,8,4.33,5.33,3,4,0,4.33,2.67,0,0,4,3,6.67,5.67,0,4.67,5.33,1.33,10.33,8.67,5.33,8,9.33,3.33,4.33,9,0,3.33,4.67,0,5.67,8.33,0,2.33,0,0,0
"112","K11260",0,0,0,0,0,0,0,0,0,0,0,0,0,0,0,3,59,60,0,0,0,0,0,0,0,0,0,0,84,72,0,53,62,0,0,0,0,0
"113","K11473",3512.98,8158.47,10135.83,4342.75,6852.75,4857.5,2937,7346,7109.55,3287.75,5342.85,5231.2,5201.75,7444.75,7169.1,6235.45,8112.15,5986.35,4123.25,6063.5,7220,4856.42,6455,5874.4,4697.35,7685,9521.35,6781.53,6935.45,6700.6,1654,7580.2,9274,5229.5,4505.3,6334.35,5340.5,1762.8
"114","K11604",47,74.67,142.33,124,40,43.5,91,31,45,113,14.17,34.5,35,91,98,36,103,38.67,0,104,91,19,57,68,0,122,192,5,63,32,11,74,109,0,0,17,0,8
"115","K11605",47,74.67,142.33,124,40,43.5,91,31,45,113,14.17,34.5,35,91,98,36,103,38.67,0,104,91,19,57,68,0,122,192,5,63,32,11,74,109,0,0,17,0,8
"116","K11606",47,74.67,142.33,124,40,43.5,91,31,45,113,14.17,34.5,35,91,98,36,103,38.67,0,104,91,19,57,68,0,122,192,5,63,32,11,74,109,0,0,17,0,8
"117","K11607",47,74.67,142.33,124,40,43.5,91,31,45,113,14.17,34.5,35,91,98,36,103,38.67,0,104,91,19,57,68,0,122,192,5,63,32,11,74,109,0,0,17,0,8
"118","K11704",157.34,30.6,41.5,137.67,2.33,8.93,63,4.27,10.37,127.68,37,17.8,147.07,34,15.67,158.17,47,5.8,94,12,25.56,138.33,31.8,17.67,137.06,7.2,39.83,60.83,17.5,20.8,7.33,21.33,27.97,70.27,54.17,77.93,71.8,9
"119","K11705",313.17,239.1,422.5,372.67,193.33,129.93,301,194.27,184.37,311.68,155,101.8,476.07,235,215.67,537.17,208,188.63,352,199,216.56,659,262.8,173.67,477.06,205.2,274.83,455.83,172.5,156.63,165.33,237.33,267.97,344.27,202.17,276.93,135.8,293
"120","K11706",157.34,30.6,41.5,137.67,2.33,8.93,63,4.27,10.37,127.68,37,17.8,147.07,34,15.67,158.17,36,5.8,94,12,25.56,138.33,31.8,17.67,137.06,7.2,39.83,65.83,17.5,20.8,7.33,21.33,27.97,70.27,54.17,77.93,71.8,9
"121","K11707",1394.17,2011.83,2409.83,1477,1586.17,1217,662,1937,1715.33,574.83,1168.5,1393.5,1191.17,1892,1780.17,899,1391.83,1235.5,675.5,1363.83,1586,1197.33,1516.17,1417.83,1033,1710.33,2278.83,611,1308.83,1233,130,1669.67,2134.33,35.67,772.17,972.33,0,558.33
"122","K11708",1394.17,2011.83,2409.83,1477,1586.17,1217,662,1937,1715.33,574.83,1168.5,1393.5,1191.17,1892,1780.17,899,1391.83,1235.5,675.5,1363.83,1586,1197.33,1516.17,1417.83,1033,1710.33,2278.83,611,1308.83,1233,130,1669.67,2134.33,35.67,772.17,972.33,0,558.33
"123","K11709",1394.17,2011.83,2409.83,1477,1586.17,1217,662,1937,1715.33,574.83,1168.5,1393.5,1164.17,1892,1780.17,899,1391.83,1235.5,675.5,1363.83,1586,1197.33,1516.17,1417.83,1033,1710.33,2278.83,611,1308.83,1233,130,1669.67,2134.33,35.67,772.17,972.33,0,558.33
"124","K11710",1551.51,2267.83,2772.83,1664.67,1870.5,1355.33,779,2224.67,1972,648.51,1301.5,1543.5,1300.17,2132,1989.84,1020,1541.83,1318.5,775.5,1594.83,1751.66,1320.66,1703.67,1552,1137.66,1926.83,2544.16,793.33,1429.83,1346,190.33,1833,2356,88.67,883.17,1113.99,44.33,609.33
"125","K12237",0,0,0,0,0,0,0,0,0,0,0,0,0,0,0,0,0,0,0,0,0,0,0,0,0,0,0,0,0,0,0,0,0,0,0,0,0,0
"126","K12239",0,0,0,0,0,0,0,0,0,0,0,0,0,0,0,0,0,0,0,0,0,0,0,0,0,0,0,0,0,0,0,0,0,0,0,0,0,0
"127","K12240",0,0,0,0,0,0,0,0,0,0,0,0,0,0,0,0,0,0,0,0,0,0,0,0,0,0,0,0,0,0,0,0,0,0,0,0,0,0
"128","K12264",2.73,33.8,29.83,9.33,3,4,3,34.83,26.97,7,3.1,41.7,8,36.17,6.27,11.7,7.57,7.43,1.33,27.83,30.17,10.33,32,12.73,7.93,5.83,60.6,6.7,12.03,10.27,10,7.87,8.33,0.2,7.13,1.6,3,8.8
"129","K13255",1.6,27.37,26.83,10,0,1.5,14,55.5,25.2,12,13.57,41.8,20,29.5,2.4,158.3,11.6,9.07,164,20.5,23,20,34.5,13.6,18.4,6,92.9,201.8,41.8,22.4,28,8.8,35,0,19.2,6.4,0,35.2
"130","K13283",904.9,1443.97,1708.83,1395.5,992,874.5,736.2,1262.5,1181.3,701.3,4197.77,1116.7,1835.3,1398,1148.6,2185.4,3689.9,2642.27,1284.1,1313,1540,1627.6,1634.5,1424.4,1644,1687.5,2193.6,2287.5,4187.7,4005.6,15261,2506.7,2980.5,13883.3,4117.8,5642.1,14949.4,6886.8
"131","K13480",0.4,22.8,25.5,2,0,0,3,30.5,24.3,0,3.1,37.7,5,29.5,0.6,11.7,2.9,2.1,0,17.5,21.5,5,24,3.4,4.6,1.5,28.6,4.7,5.7,5.6,6,2.2,0,0,4.8,1.6,0,8.8
"132","K13483",933.48,5770.9,7561.4,1059.67,5407,3611.8,652.97,5452.3,5849.1,950.2,2779.1,3703.4,1276.65,4977.4,4847.4,946.27,4069.3,2722.2,1013,4293.5,5007.4,859.27,4114.2,4054.4,597.1,4687.6,4992.3,1423.33,3157.83,2943.3,45,3938.7,4340.5,1698.6,1494.07,2075.1,2124.4,178
"133","K13628",9538.99,25499,32600.99,11830.86,21180.27,15916.96,7746.67,23763.85,22547.39,8517.84,21169.7,17342.25,12883.94,22970.64,21147.82,12595.48,26152.49,20358.76,11914.1,19942.01,22668.48,14300.19,20457.16,18112.78,14326.48,23795.65,30563.03,13420.8,23926.5,23346.8,23075.83,24051.77,29460.89,25671.4,18769.65,24139.55,27231.96,15660.83
"134","K13643",3100.15,12089.59,14355.66,3944.7,9661.27,7346.3,2929.5,10571.52,10296.39,2579.5,11117.45,7991.75,4717.78,10937.81,9689.15,4431.47,13851.5,11011.92,2995.1,8476.43,10430.9,3822.86,9548.07,8085.78,3511.16,10874.98,14458.79,4081.97,12839,12205.72,20366,12017.52,14413.14,21501.9,12100.48,15235.98,23786.3,12522
"135","K13772",44,69,139,91,40,42,86,31,45,94,13,34,0,89,98,36,103,38,0,104,91,0,57,68,0,120,169,0,51,32,0,74,100,0,0,12,0,8
"136","K14127",0,0,0,6,0,0,0,0,0,0,0,0,0,0,0,3,59,60,0,0,0,0,0,0,0,0,0,0,86,72,0,53,62,0,0,0,0,0
"137","K14685",0,0,0,0,0,0,0,0,0,0,0,0,0,0,0,0,0,0,0,0,0,0,0,0,0,0,0,0,0,0,0,0,0,0,0,0,0,0
"138","K15023",53.5,221,214,78,129.5,118.5,25,161,107,14,84.5,114.5,103.5,189.5,130,136.5,184,177,96,158,140,57,106.5,84.5,95,226,287,105.5,218,188.5,6,251.5,268,55,133,170.5,36,21
"139","K15653",0,0,0,0,0,0,0,0,0,0,0,0,0,0,0,0,0,0,0,0,0,0,0,0,0,0,0,0,0,0,0,0,0,0,0,0,0,0
"140","K15681",0,0,0,0,0,0,0,0,0,0,0,0,0,0,0,0,0,0,0,0,0,0,0,0,0,0,0,0,0,0,0,0,0,0,0,0,0,0
"141","K15724",4438.15,6122.25,7685.16,5592.36,4635.77,3414.13,3677,5222.35,4929.39,4135.33,8382.95,4154.75,5945.44,5359.64,5141.48,5802.48,9769.16,7208.09,3882.26,4977.93,5834.57,5417.36,5447.24,4545.78,4636.32,6529.32,8546.62,4818.14,9778.17,9143.55,19108,8046.02,9458.64,20650.23,9420.48,11814.31,22958.3,11775.5
"142","K15878",1.5,6.67,8.33,0,2,0,0,0,0,0,0,0,0,0,0,0,0,0,0,0,0,0,0,0,0,0,0,0,0,0,0,2,0,0,0,0,0,0
"143","K16087",2460.75,5917.84,7619.32,3524.61,4553.57,3600.8,2317.87,4756.56,4646.75,2181.88,4383.89,3486.05,3735.25,5416.27,4734.89,3960.55,6884.85,5015.79,2474.95,4694.31,5274.32,3384.88,5351.62,4270.46,2888.88,6084.76,7846.48,3915.9,5817.21,5772.57,3179,5638.04,7285.26,2282.87,4666.6,5797.08,831.03,4071.03
"144","K16088",317.15,919.53,1230.5,427.95,753.63,527.8,326.8,822.38,783.05,171.95,463.42,571.5,411.15,838.83,664.9,437.85,825.25,594.53,335.75,771.13,958.15,433.35,864.93,678.2,409.85,1023.62,1453.98,449.5,594.75,518.27,132.5,782.13,1028.37,335.6,381.9,437.12,193.9,126.5
"145","K16089",2432.66,5376.13,7111.99,3152.47,4414.38,3355.43,2329.27,4772.7,4802.88,1930.64,4173.88,3593.05,3537.04,5010.44,4338.95,4419.26,5390,4154.17,2759.92,4211.78,4623.55,3470.78,4717.9,3948.66,3299.34,5331.13,7239.55,3640.38,4379.21,4510.74,798,4684.51,6049.45,2916.13,4179.84,4919.26,952.38,2060.62
"146","K16090",602.65,3797.89,4745.4,661.2,3343.14,2406.1,406.6,3394.94,3625.1,247.4,1754.41,2337.2,514.55,3247.74,2974.7,326.5,2868.9,1902.14,283,2754.89,3473.05,412.2,2810.39,2625.7,296.1,3323.96,3653.69,280.8,2078.3,1921.21,142,2736.89,3015.61,88.2,915.5,1231.61,18.8,377.2
"147","K16091",1342.04,3713.13,4925.26,1530.86,2931.07,2351.33,961.87,3429.93,3576.6,1053.46,4920.77,2773.2,2066.29,3322.2,3123.63,2861.48,5984.72,4478.41,1655.6,3260.56,3409.5,1733.93,3491.84,3284.83,1781.69,3866.34,5382.83,2259.74,5750.27,5528.5,1926.5,4632.8,5703.51,7539.3,6358.07,7492.46,8530.23,3492.73
"148","K16092",2294.65,12355.26,16357.16,2981.86,10212.27,7845.3,1738.5,11789.35,11341.39,1655.5,8369.45,8797.25,3434.61,11028.31,10318.15,3466.8,11421.5,8379.59,2099.77,10045.93,11735.4,2565.03,9656.57,8672.28,2190.16,11580.98,14250.29,3148.47,9624.5,9726.72,3320,11105.02,13157.14,1956.4,6154.48,7931.98,638.63,4206.5
"149","K16301",176.82,342.97,424.83,198.67,262.33,178.83,105,261.17,288.97,211.68,150.27,190.7,353.75,251.5,232.27,1266.2,248.9,87.6,373.33,238.5,230.16,356.67,156,113.07,400.26,246.5,352.93,1749.03,164.7,95.43,17.33,210.53,265.67,1062,119.8,132.26,886.33,54.8
"150","K16879",0,0,0,0,0,0,0,0,0,4,0,0,4,0,0,55,0,0,82,0,0,0,0,0,0,4,0,93,0,0,0,0,0,0,0,0,0,0
"151","K17997",0,0,0,0,0,0,0,0,0,0,0,0,0,0,0,0,0,0,0,0,0,0,0,0,0,0,0,0,0,0,0,0,0,0,0,0,0,0
"152","K17998",0,0,0,0,0,0,0,0,0,0,0,0,0,0,0,0,0,0,0,0,0,0,0,0,0,0,0,0,0,0,0,0,0,0,0,0,0,0
"153","K17999",0,0,0,0,0,0,0,0,0,0,0,0,0,0,0,0,0,0,0,0,0,0,0,0,0,0,0,0,0,0,0,0,0,0,0,0,0,0
"154","K18005",117,154,181,130,120,47,179,86,162,252,66,59,91,110,140,80,42,59,26,100,56,117,114,25,135,134,171,36,22,86,0,119,125,24,0,13,0,0
"155","K18006",55,80,92,48,74,0,46,7,71,125,25,10,52,75,88,28,6,59,13,57,0,6,85,0,6,91,121,19,0,69,0,71,83,24,0,13,0,0
"156","K18008",23,0,5,36,0,0,0,0,5,7,11,0,17,16,0,0,28,84,0,0,0,6,6,0,0,80,107,11,82,74,6,56,36,14,49,70,20,17
"157","K19611",31.4,26.47,26.83,53,0,1.5,18,30.5,24.3,7,45.27,38.2,35,32.5,0.6,31.7,19.9,2.77,19,21.5,26.5,27,24,3.4,13.6,1.5,51.6,23.7,17.7,5.6,38,10.2,18,14,23.8,18.6,0,15.8
